architecture_family_id,architecture_family_label,agreements,rank_within_family,index_name,family_mean,overall_mean,deviation_from_sample
1,Trade Facilitation and Regulatory Governance Architecture,21,1,TFC_transparency,0.7857142857142857,0.38161993769470415,0.40409434801958155
1,Trade Facilitation and Regulatory Governance Architecture,21,2,labor_monitoring,0.49206349206349204,0.17964693665628248,0.3124165554072096
1,Trade Facilitation and Regulatory Governance Architecture,21,3,labor_object,0.5952380952380952,0.29127725856697806,0.3039608366711172
1,Trade Facilitation and Regulatory Governance Architecture,21,4,TFC_fees,0.5396825396825397,0.24922118380062305,0.29046135588191657
1,Trade Facilitation and Regulatory Governance Architecture,21,5,labor_cooperation,0.5238095238095238,0.23987538940809958,0.28393413440142423
1,Trade Facilitation and Regulatory Governance Architecture,21,6,SPS_framework,0.8,0.5289719626168224,0.2710280373831776
1,Trade Facilitation and Regulatory Governance Architecture,21,7,labor_substance,0.42063492063492064,0.15290758047767397,0.26772734015724664
1,Trade Facilitation and Regulatory Governance Architecture,21,8,TBT_framework,0.6349206349206349,0.367601246105919,0.2673193888147159
1,Trade Facilitation and Regulatory Governance Architecture,21,9,TFC_border_efficiency,0.4358974358974359,0.16990174934100166,0.26599568655643424
1,Trade Facilitation and Regulatory Governance Architecture,21,10,env_object,0.5333333333333333,0.291588785046729,0.2417445482866043
1,Trade Facilitation and Regulatory Governance Architecture,21,11,TBT_DS,0.888888888888889,0.6713395638629284,0.21754932502596058
1,Trade Facilitation and Regulatory Governance Architecture,21,12,export_admin_fee,0.380952380952381,0.16386292834890964,0.21708945260347134
1,Trade Facilitation and Regulatory Governance Architecture,21,13,TBT_transparency,0.47619047619047616,0.26998961578400826,0.2062008604064679
1,Trade Facilitation and Regulatory Governance Architecture,21,14,export_coo,0.6507936507936508,0.4603669089650398,0.19042674182861102
1,Trade Facilitation and Regulatory Governance Architecture,21,15,serv_DR,0.5102040816326531,0.34131619937694707,0.168887882255706
1,Trade Facilitation and Regulatory Governance Architecture,21,16,RoO_additional_flex,0.8492063492063492,0.6832814122533749,0.16592493695297428
1,Trade Facilitation and Regulatory Governance Architecture,21,17,serv_safeguard,0.3968253968253968,0.2512980269989615,0.14552736982643533
1,Trade Facilitation and Regulatory Governance Architecture,21,18,TFC_origin_admin,0.7238095238095238,0.5794392523364484,0.14437027147307535
1,Trade Facilitation and Regulatory Governance Architecture,21,19,env_enforcement,0.4642857142857143,0.3208722741433021,0.1434134401424122
1,Trade Facilitation and Regulatory Governance Architecture,21,20,TBT_conformity_assess,0.24603174603174605,0.10903426791277256,0.1369974781189735
1,Trade Facilitation and Regulatory Governance Architecture,21,21,TFC_procedural_simplification,0.34285714285714286,0.20841121495327103,0.13444592790387183
1,Trade Facilitation and Regulatory Governance Architecture,21,22,env_trade,0.42857142857142855,0.3008455718736093,0.12772585669781927
1,Trade Facilitation and Regulatory Governance Architecture,21,23,serv_transparency,0.49702380952380953,0.38765576323987544,0.1093680462839341
1,Trade Facilitation and Regulatory Governance Architecture,21,24,SPS_institutions,0.37566137566137564,0.26791277258566976,0.10774860307570588
1,Trade Facilitation and Regulatory Governance Architecture,21,25,RoO_certification,0.6054421768707483,0.5009642486278,0.10447792824294833
1,Trade Facilitation and Regulatory Governance Architecture,21,26,CD_lev2,0.2786596119929453,0.17859409253490255,0.10006551945804276
1,Trade Facilitation and Regulatory Governance Architecture,21,27,IPR_treaty_incorporation,0.38095238095238093,0.2834890965732088,0.09746328437917212
1,Trade Facilitation and Regulatory Governance Architecture,21,28,IPR_country_designations,0.16666666666666669,0.07009345794392514,0.09657320872274154
1,Trade Facilitation and Regulatory Governance Architecture,21,29,SPS_cooperation,0.24404761904761904,0.1588785046728972,0.08516911437472185
1,Trade Facilitation and Regulatory Governance Architecture,21,30,TFC_cooperation,0.41558441558441556,0.33163409798923815,0.0839503175951774
1,Trade Facilitation and Regulatory Governance Architecture,21,31,CD_Subsidies,0.19047619047619047,0.10747663551401866,0.0829995549621718
1,Trade Facilitation and Regulatory Governance Architecture,21,32,serv_roo,0.3769841269841269,0.2995846313603322,0.07739949562379472
1,Trade Facilitation and Regulatory Governance Architecture,21,33,export_quota_qr,0.42857142857142855,0.35180240320427236,0.07676902536715619
1,Trade Facilitation and Regulatory Governance Architecture,21,34,subsid_enforcement,0.5102040816326531,0.4334668446817979,0.07673723695085516
1,Trade Facilitation and Regulatory Governance Architecture,21,35,TBT_standards,0.14285714285714285,0.06853582554517135,0.0743213173119715
1,Trade Facilitation and Regulatory Governance Architecture,21,36,IPR_biodiversity_TK,0.16666666666666669,0.09345794392523366,0.07320872274143303
1,Trade Facilitation and Regulatory Governance Architecture,21,37,serv_mobility,0.2698412698412698,0.20664589823468327,0.06319537160658656
1,Trade Facilitation and Regulatory Governance Architecture,21,38,SPS_transparency,0.3968253968253968,0.33367947386638974,0.06314592295900706
1,Trade Facilitation and Regulatory Governance Architecture,21,39,serv_exc,0.4126984126984127,0.3505538248528902,0.06214458784552246
1,Trade Facilitation and Regulatory Governance Architecture,21,40,RoO_verification,0.30158730158730157,0.24091381100726897,0.0606734905800326
1,Trade Facilitation and Regulatory Governance Architecture,21,41,AD_Regime,0.6666666666666666,0.608515057113188,0.058151609553478645
1,Trade Facilitation and Regulatory Governance Architecture,21,42,TBT_tech_reg,0.14285714285714285,0.08670820353063344,0.05614893932650941
1,Trade Facilitation and Regulatory Governance Architecture,21,43,env_promoting,0.21428571428571427,0.16043613707165114,0.05384957721406314
1,Trade Facilitation and Regulatory Governance Architecture,21,44,MoC_prudential_measures,0.48214285714285715,0.43068535825545173,0.05145749888740542
1,Trade Facilitation and Regulatory Governance Architecture,21,45,subsid_object_coverage,0.6785714285714286,0.6304517133956387,0.048119715175789946
1,Trade Facilitation and Regulatory Governance Architecture,21,46,export_NTM,0.25,0.20560747663551415,0.04439252336448585
1,Trade Facilitation and Regulatory Governance Architecture,21,47,SPS_standards,0.20238095238095238,0.16160436137071651,0.04077659101023587
1,Trade Facilitation and Regulatory Governance Architecture,21,48,serv_market_access,0.41798941798941797,0.3781585323641399,0.03983088562527809
1,Trade Facilitation and Regulatory Governance Architecture,21,49,subsid_substantive,0.29365079365079366,0.25651373548569806,0.037137058165095604
1,Trade Facilitation and Regulatory Governance Architecture,21,50,env_MEA_compl,0.09523809523809523,0.062305295950155756,0.032932799287939477
1,Trade Facilitation and Regulatory Governance Architecture,21,51,subsid_transparency,0.22619047619047622,0.19392523364485972,0.032265242545616496
1,Trade Facilitation and Regulatory Governance Architecture,21,52,TBT_cooperation,0.2698412698412698,0.23987538940809974,0.029965880433170083
1,Trade Facilitation and Regulatory Governance Architecture,21,53,IPR_treaty_accession,0.1746031746031746,0.1460020768431983,0.028601097759976296
1,Trade Facilitation and Regulatory Governance Architecture,21,54,CD_regime,0.5714285714285714,0.5462097611630321,0.025218810265539293
1,Trade Facilitation and Regulatory Governance Architecture,21,55,IPR_enforcement,0.1883116883116883,0.16723307844803176,0.021078609863656533
1,Trade Facilitation and Regulatory Governance Architecture,21,56,SPS_audit,0.09523809523809525,0.07538940809968848,0.019848687138406762
1,Trade Facilitation and Regulatory Governance Architecture,21,57,export_agriculture,0.11904761904761903,0.09968847352024922,0.01935914552736981
1,Trade Facilitation and Regulatory Governance Architecture,21,58,AD_lev2,0.17229902713773682,0.15626570193950357,0.01603332519823325
1,Trade Facilitation and Regulatory Governance Architecture,21,59,RoO_sourcing_flex,0.4261904761904762,0.411993769470405,0.014196706720071173
1,Trade Facilitation and Regulatory Governance Architecture,21,60,IPR_Gis,0.12244897959183673,0.10992434356920341,0.012524636022633318
1,Trade Facilitation and Regulatory Governance Architecture,21,61,IPR_coordination,0.15476190476190477,0.14563862928348906,0.00912327547841571
1,Trade Facilitation and Regulatory Governance Architecture,21,62,VA_exc,0.2476190476190476,0.23925233644859825,0.008366711170449348
1,Trade Facilitation and Regulatory Governance Architecture,21,63,IPR_exhaustion,0.4523809523809524,0.44859813084112143,0.0037828215398309495
1,Trade Facilitation and Regulatory Governance Architecture,21,64,subsid_misc,0.07142857142857144,0.06853582554517137,0.0028927458834000636
1,Trade Facilitation and Regulatory Governance Architecture,21,65,IPR_data_protect,0.08571428571428572,0.08348909657320867,0.0022251891410770414
1,Trade Facilitation and Regulatory Governance Architecture,21,66,IPR_TMs,0.09841269841269842,0.09698857736240916,0.0014241210502892593
1,Trade Facilitation and Regulatory Governance Architecture,21,67,MoC_exceptions,0.3968253968253968,0.39979231568016615,-0.0029669188547693515
1,Trade Facilitation and Regulatory Governance Architecture,21,68,PP_Overview,0.32142857142857145,0.3271028037383178,-0.005674232309746341
1,Trade Facilitation and Regulatory Governance Architecture,21,69,PP_transparency,0.14285714285714285,0.15070093457943928,-0.007843791722296434
1,Trade Facilitation and Regulatory Governance Architecture,21,70,IPR_industrial_designs,0.08333333333333334,0.09267912772585672,-0.00934579439252338
1,Trade Facilitation and Regulatory Governance Architecture,21,71,soe_misc,0,0.012461059190031152,-0.012461059190031152
1,Trade Facilitation and Regulatory Governance Architecture,21,72,MoC_safeguards,0.3945578231292517,0.407543391188251,-0.012985568058999308
1,Trade Facilitation and Regulatory Governance Architecture,21,73,env_protect,0.10822510822510821,0.12121212121212128,-0.012987012987013075
1,Trade Facilitation and Regulatory Governance Architecture,21,74,soe_SDT,0,0.01401869158878507,-0.01401869158878507
1,Trade Facilitation and Regulatory Governance Architecture,21,75,IPR_copyright,0.2312925170068027,0.24543836226079213,-0.01414584525398943
1,Trade Facilitation and Regulatory Governance Architecture,21,76,env_external_assist,0.23809523809523808,0.25233644859813087,-0.014241210502892787
1,Trade Facilitation and Regulatory Governance Architecture,21,77,soe_substantive,0.3373015873015873,0.3530633437175493,-0.015761756415962003
1,Trade Facilitation and Regulatory Governance Architecture,21,78,PP_coverage,0.24223602484472048,0.2591087633753216,-0.016872738530601145
1,Trade Facilitation and Regulatory Governance Architecture,21,79,PP_procedural_disciplines,0.21666666666666667,0.23445482866043618,-0.017788161993769508
1,Trade Facilitation and Regulatory Governance Architecture,21,80,IPR_patents,0.08843537414965986,0.10903426791277263,-0.02059889376311276
1,Trade Facilitation and Regulatory Governance Architecture,21,81,RoO_value_content,0.6496598639455782,0.6710666369974781,-0.021406773051899974
1,Trade Facilitation and Regulatory Governance Architecture,21,82,PP_DS,0.23809523809523808,0.2601246105919003,-0.022029372496662203
1,Trade Facilitation and Regulatory Governance Architecture,21,83,CP_cooperation,0.1746031746031746,0.19937694704049844,-0.024773772437323843
1,Trade Facilitation and Regulatory Governance Architecture,21,84,soe_transparency,0.08571428571428573,0.11277258566978195,-0.027058299955496218
1,Trade Facilitation and Regulatory Governance Architecture,21,85,export_licensing,0,0.028660436137071626,-0.028660436137071626
1,Trade Facilitation and Regulatory Governance Architecture,21,86,IPR_transparency,0.05952380952380952,0.0883956386292834,-0.02887182910547388
1,Trade Facilitation and Regulatory Governance Architecture,21,87,SPS_risk_assess,0.09523809523809523,0.1246105919003115,-0.029372496662216266
1,Trade Facilitation and Regulatory Governance Architecture,21,88,subsid_SDT,0.023809523809523798,0.054517133956386306,-0.030707610146862508
1,Trade Facilitation and Regulatory Governance Architecture,21,89,PP_non_discrim,0.08225108225108226,0.11384876805437552,-0.031597685803293266
1,Trade Facilitation and Regulatory Governance Architecture,21,90,VA_movement_facilitation,0.2328042328042328,0.2644513672551056,-0.031647134450872805
1,Trade Facilitation and Regulatory Governance Architecture,21,91,soe_object_coverage,0.37742504409171074,0.4125995154032537,-0.03517447131154294
1,Trade Facilitation and Regulatory Governance Architecture,21,92,CP_procedural_fairness,0.1111111111111111,0.1505711318795431,-0.039460020768432
1,Trade Facilitation and Regulatory Governance Architecture,21,93,export_taxes,0.2579365079365079,0.3006230529595016,-0.04268654502299368
1,Trade Facilitation and Regulatory Governance Architecture,21,94,PP_new _issues,0.08333333333333334,0.1285046728971963,-0.04517133956386296
1,Trade Facilitation and Regulatory Governance Architecture,21,95,IPR_NT,0.16666666666666669,0.21339563862928343,-0.046728971962616744
1,Trade Facilitation and Regulatory Governance Architecture,21,96,VA_coverage,0.0582010582010582,0.10591900311526484,-0.04771794491420664
1,Trade Facilitation and Regulatory Governance Architecture,21,97,VA_framework_gov,0.023809523809523798,0.07398753894080994,-0.05017801513128614
1,Trade Facilitation and Regulatory Governance Architecture,21,98,invest_scop_def,0.4588744588744589,0.5094873973378646,-0.050612938463405754
1,Trade Facilitation and Regulatory Governance Architecture,21,99,service_DS,0.30158730158730135,0.35306334371754927,-0.05147604213024792
1,Trade Facilitation and Regulatory Governance Architecture,21,100,CP_framework,0.12698412698412698,0.17912772585669784,-0.05214359887257086
1,Trade Facilitation and Regulatory Governance Architecture,21,101,serv_other,0.17099567099567098,0.22883035967148113,-0.05783468867581015
1,Trade Facilitation and Regulatory Governance Architecture,21,102,soe_enforcement,0.1619047619047619,0.2236760124610592,-0.061771250556297286
1,Trade Facilitation and Regulatory Governance Architecture,21,103,VA_DS,0.11111111111111112,0.17757009345794394,-0.06645898234683283
1,Trade Facilitation and Regulatory Governance Architecture,21,104,CP_objectives,0.4464285714285714,0.5167445482866043,-0.07031597685803292
1,Trade Facilitation and Regulatory Governance Architecture,21,105,MoC_DS,0.42857142857142855,0.5,-0.07142857142857145
1,Trade Facilitation and Regulatory Governance Architecture,21,106,CP_substantive,0.25396825396825395,0.328141225337487,-0.074172971369233065
1,Trade Facilitation and Regulatory Governance Architecture,21,107,inbest_soc_reg,0.026455026455026454,0.10938040844582901,-0.08292538199080256
1,Trade Facilitation and Regulatory Governance Architecture,21,108,serv_struc,0.23015873015873017,0.3154205607476635,-0.08526183058893333
1,Trade Facilitation and Regulatory Governance Architecture,21,109,CP_exeptions,0.5555555555555556,0.6573208722741433,-0.10176531671858768
1,Trade Facilitation and Regulatory Governance Architecture,21,110,invest_protect,0.2804232804232804,0.41190723433714094,-0.13148395391386053
1,Trade Facilitation and Regulatory Governance Architecture,21,111,invest_transparency,0.011904761904761904,0.14719626168224292,-0.135291499777481
1,Trade Facilitation and Regulatory Governance Architecture,21,112,MoC_exclusions,0.012987012987012984,0.20504106485414897,-0.19205405186713598
1,Trade Facilitation and Regulatory Governance Architecture,21,113,invest_lib,0.15986394557823128,0.35781041388518026,-0.19794646830694898
1,Trade Facilitation and Regulatory Governance Architecture,21,114,export_invest,0.015873015873015872,0.22118380062305298,-0.2053107847500371
1,Trade Facilitation and Regulatory Governance Architecture,21,115,MoC_free_transfer,0.10776942355889724,0.31628135759960646,-0.20851193404070922
1,Trade Facilitation and Regulatory Governance Architecture,21,116,invest_DS,0,0.3489096573208722,-0.3489096573208722
2,Minimalist Institutional Architecture,75,1,MoC_prudential_measures,0.5,0.43068535825545173,0.06931464174454827
2,Minimalist Institutional Architecture,75,2,IPR_exhaustion,0.5,0.44859813084112143,0.051401869158878566
2,Minimalist Institutional Architecture,75,3,soe_SDT,0.006666666666666673,0.01401869158878507,-0.007352024922118398
2,Minimalist Institutional Architecture,75,4,soe_misc,0,0.012461059190031152,-0.012461059190031152
2,Minimalist Institutional Architecture,75,5,export_licensing,0,0.028660436137071626,-0.028660436137071626
2,Minimalist Institutional Architecture,75,6,subsid_misc,0.03333333333333334,0.06853582554517137,-0.035202492211838035
2,Minimalist Institutional Architecture,75,7,IPR_patents,0.07142857142857142,0.10903426791277263,-0.0376056964842012
2,Minimalist Institutional Architecture,75,8,RoO_value_content,0.6263174603174603,0.6710666369974781,-0.04474917668001788
2,Minimalist Institutional Architecture,75,9,subsid_SDT,0.006666666666666673,0.054517133956386306,-0.04785046728971963
2,Minimalist Institutional Architecture,75,10,invest_scop_def,0.45696969696969697,0.5094873973378646,-0.052517700368167664
2,Minimalist Institutional Architecture,75,11,VA_framework_gov,0.01999999999999999,0.07398753894080994,-0.053987538940809945
2,Minimalist Institutional Architecture,75,12,AD_lev2,0.10157706093189964,0.15626570193950357,-0.05468864100760393
2,Minimalist Institutional Architecture,75,13,TBT_standards,0.013333333333333341,0.06853582554517135,-0.055202492211838004
2,Minimalist Institutional Architecture,75,14,env_MEA_compl,0.0017777777777777761,0.062305295950155756,-0.06052751817237798
2,Minimalist Institutional Architecture,75,15,SPS_audit,0.013333333333333345,0.07538940809968848,-0.06205607476635514
2,Minimalist Institutional Architecture,75,16,MoC_exceptions,0.3333333333333333,0.39979231568016615,-0.06645898234683284
2,Minimalist Institutional Architecture,75,17,IPR_country_designations,0,0.07009345794392514,-0.07009345794392514
2,Minimalist Institutional Architecture,75,18,export_taxes,0.23,0.3006230529595016,-0.07062305295950158
2,Minimalist Institutional Architecture,75,19,TBT_tech_reg,0.01111111111111111,0.08670820353063344,-0.07559709241952232
2,Minimalist Institutional Architecture,75,20,PP_coverage,0.17565217391304347,0.2591087633753216,-0.08345658946227816
2,Minimalist Institutional Architecture,75,21,IPR_data_protect,0,0.08348909657320867,-0.08348909657320867
2,Minimalist Institutional Architecture,75,22,SPS_transparency,0.24888888888888888,0.33367947386638974,-0.08479058497750086
2,Minimalist Institutional Architecture,75,23,IPR_transparency,0.001666666666666668,0.0883956386292834,-0.08672897196261674
2,Minimalist Institutional Architecture,75,24,soe_transparency,0.021333333333333333,0.11277258566978195,-0.09143925233644862
2,Minimalist Institutional Architecture,75,25,IPR_industrial_designs,0,0.09267912772585672,-0.09267912772585672
2,Minimalist Institutional Architecture,75,26,export_agriculture,0.006666666666666672,0.09968847352024922,-0.09302180685358255
2,Minimalist Institutional Architecture,75,27,IPR_biodiversity_TK,0,0.09345794392523366,-0.09345794392523366
2,Minimalist Institutional Architecture,75,28,CD_Subsidies,0.013333333333333334,0.10747663551401866,-0.09414330218068533
2,Minimalist Institutional Architecture,75,29,subsid_substantive,0.1622222222222222,0.25651373548569806,-0.09429151326347585
2,Minimalist Institutional Architecture,75,30,CD_lev2,0.08345679012345679,0.17859409253490255,-0.09513730241144576
2,Minimalist Institutional Architecture,75,31,VA_coverage,0.010370370370370375,0.10591900311526484,-0.09554863274489446
2,Minimalist Institutional Architecture,75,32,IPR_TMs,0,0.09698857736240916,-0.09698857736240916
2,Minimalist Institutional Architecture,75,33,TBT_conformity_assess,0.01111111111111111,0.10903426791277256,-0.09792315680166144
2,Minimalist Institutional Architecture,75,34,soe_object_coverage,0.31209876543209875,0.4125995154032537,-0.10050074997115493
2,Minimalist Institutional Architecture,75,35,env_protect,0.019393939393939384,0.12121212121212128,-0.1018181818181819
2,Minimalist Institutional Architecture,75,36,SPS_risk_assess,0.022222222222222213,0.1246105919003115,-0.10238836967808929
2,Minimalist Institutional Architecture,75,37,IPR_copyright,0.14285714285714285,0.24543836226079213,-0.10258121940364928
2,Minimalist Institutional Architecture,75,38,export_quota_qr,0.24571428571428572,0.35180240320427236,-0.10608811748998664
2,Minimalist Institutional Architecture,75,39,inbest_soc_reg,0,0.10938040844582901,-0.10938040844582901
2,Minimalist Institutional Architecture,75,40,IPR_Gis,0,0.10992434356920341,-0.10992434356920341
2,Minimalist Institutional Architecture,75,41,SPS_standards,0.05166666666666668,0.16160436137071651,-0.10993769470404983
2,Minimalist Institutional Architecture,75,42,MoC_safeguards,0.2957142857142857,0.407543391188251,-0.1118291054739653
2,Minimalist Institutional Architecture,75,43,PP_non_discrim,0,0.11384876805437552,-0.11384876805437552
2,Minimalist Institutional Architecture,75,44,soe_substantive,0.23666666666666666,0.3530633437175493,-0.11639667705088266
2,Minimalist Institutional Architecture,75,45,SPS_cooperation,0.04166666666666667,0.1588785046728972,-0.11721183800623051
2,Minimalist Institutional Architecture,75,46,soe_enforcement,0.10133333333333336,0.2236760124610592,-0.12234267912772584
2,Minimalist Institutional Architecture,75,47,RoO_verification,0.11555555555555556,0.24091381100726897,-0.12535825545171342
2,Minimalist Institutional Architecture,75,48,SPS_institutions,0.14222222222222222,0.26791277258566976,-0.12569055036344753
2,Minimalist Institutional Architecture,75,49,invest_protect,0.28370370370370374,0.41190723433714094,-0.1282035306334372
2,Minimalist Institutional Architecture,75,50,CP_procedural_fairness,0.022222222222222213,0.1505711318795431,-0.12834890965732088
2,Minimalist Institutional Architecture,75,51,PP_new _issues,0,0.1285046728971963,-0.1285046728971963
2,Minimalist Institutional Architecture,75,52,TFC_procedural_simplification,0.07866666666666666,0.20841121495327103,-0.12974454828660437
2,Minimalist Institutional Architecture,75,53,export_admin_fee,0.031999999999999994,0.16386292834890964,-0.13186292834890964
2,Minimalist Institutional Architecture,75,54,IPR_coordination,0.009999999999999997,0.14563862928348906,-0.13563862928348905
2,Minimalist Institutional Architecture,75,55,CP_framework,0.03999999999999999,0.17912772585669784,-0.13912772585669786
2,Minimalist Institutional Architecture,75,56,CD_regime,0.40444444444444444,0.5462097611630321,-0.14176531671858766
2,Minimalist Institutional Architecture,75,57,invest_transparency,0.003333333333333336,0.14719626168224292,-0.1438629283489096
2,Minimalist Institutional Architecture,75,58,IPR_treaty_accession,8.888888888888882e-4,0.1460020768431983,-0.14511318795430941
2,Minimalist Institutional Architecture,75,59,VA_movement_facilitation,0.11703703703703704,0.2644513672551056,-0.14741433021806855
2,Minimalist Institutional Architecture,75,60,labor_substance,0.0044444444444444444,0.15290758047767397,-0.14846313603322953
2,Minimalist Institutional Architecture,75,61,PP_transparency,0,0.15070093457943928,-0.15070093457943928
2,Minimalist Institutional Architecture,75,62,env_promoting,0.003333333333333337,0.16043613707165114,-0.1571028037383178
2,Minimalist Institutional Architecture,75,63,TBT_cooperation,0.08,0.23987538940809974,-0.15987538940809976
2,Minimalist Institutional Architecture,75,64,MoC_DS,0.33999999999999997,0.5,-0.16000000000000003
2,Minimalist Institutional Architecture,75,65,subsid_transparency,0.03333333333333334,0.19392523364485972,-0.16059190031152637
2,Minimalist Institutional Architecture,75,66,CP_substantive,0.16592592592592592,0.328141225337487,-0.1622152994115611
2,Minimalist Institutional Architecture,75,67,TFC_border_efficiency,0.006153846153846157,0.16990174934100166,-0.1637479031871555
2,Minimalist Institutional Architecture,75,68,IPR_enforcement,0.0018181818181818184,0.16723307844803176,-0.16541489662984993
2,Minimalist Institutional Architecture,75,69,AD_Regime,0.43999999999999995,0.608515057113188,-0.16851505711318804
2,Minimalist Institutional Architecture,75,70,CP_cooperation,0.028888888888888888,0.19937694704049844,-0.17048805815160956
2,Minimalist Institutional Architecture,75,71,VA_DS,0.004444444444444446,0.17757009345794394,-0.1731256490134995
2,Minimalist Institutional Architecture,75,72,labor_monitoring,0,0.17964693665628248,-0.17964693665628248
2,Minimalist Institutional Architecture,75,73,CP_objectives,0.33277777777777773,0.5167445482866043,-0.1839667705088266
2,Minimalist Institutional Architecture,75,74,export_NTM,0.02,0.20560747663551415,-0.18560747663551416
2,Minimalist Institutional Architecture,75,75,TFC_fees,0.06222222222222223,0.24922118380062305,-0.18699896157840082
2,Minimalist Institutional Architecture,75,76,env_trade,0.11238095238095239,0.3008455718736093,-0.1884646194926569
2,Minimalist Institutional Architecture,75,77,subsid_object_coverage,0.44,0.6304517133956387,-0.19045171339563866
2,Minimalist Institutional Architecture,75,78,PP_procedural_disciplines,0.04,0.23445482866043618,-0.19445482866043617
2,Minimalist Institutional Architecture,75,79,IPR_NT,0.013333333333333334,0.21339563862928343,-0.2000623052959501
2,Minimalist Institutional Architecture,75,80,MoC_exclusions,0.002424242424242423,0.20504106485414897,-0.20261682242990656
2,Minimalist Institutional Architecture,75,81,labor_object,0.08666666666666667,0.29127725856697806,-0.2046105919003114
2,Minimalist Institutional Architecture,75,82,TFC_cooperation,0.12606060606060607,0.33163409798923815,-0.20557349192863208
2,Minimalist Institutional Architecture,75,83,serv_mobility,0,0.20664589823468327,-0.20664589823468327
2,Minimalist Institutional Architecture,75,84,TBT_DS,0.46,0.6713395638629284,-0.21133956386292835
2,Minimalist Institutional Architecture,75,85,invest_lib,0.14095238095238094,0.35781041388518026,-0.21685803293279932
2,Minimalist Institutional Architecture,75,86,CP_exeptions,0.44,0.6573208722741433,-0.21732087227414326
2,Minimalist Institutional Architecture,75,87,RoO_sourcing_flex,0.19133333333333333,0.411993769470405,-0.22066043613707167
2,Minimalist Institutional Architecture,75,88,export_invest,0,0.22118380062305298,-0.22118380062305298
2,Minimalist Institutional Architecture,75,89,subsid_enforcement,0.2114285714285714,0.4334668446817979,-0.2220382732532265
2,Minimalist Institutional Architecture,75,90,env_enforcement,0.09666666666666666,0.3208722741433021,-0.22420560747663543
2,Minimalist Institutional Architecture,75,91,serv_other,0.003636363636363638,0.22883035967148113,-0.2251939960351175
2,Minimalist Institutional Architecture,75,92,labor_cooperation,0.013333333333333346,0.23987538940809958,-0.22654205607476624
2,Minimalist Institutional Architecture,75,93,VA_exc,0.010666666666666673,0.23925233644859825,-0.22858566978193157
2,Minimalist Institutional Architecture,75,94,env_external_assist,0.013333333333333348,0.25233644859813087,-0.23900311526479753
2,Minimalist Institutional Architecture,75,95,RoO_additional_flex,0.44222222222222224,0.6832814122533749,-0.24105919003115267
2,Minimalist Institutional Architecture,75,96,TBT_transparency,0.026666666666666665,0.26998961578400826,-0.2433229491173416
2,Minimalist Institutional Architecture,75,97,env_object,0.048,0.291588785046729,-0.24358878504672904
2,Minimalist Institutional Architecture,75,98,serv_safeguard,0,0.2512980269989615,-0.2512980269989615
2,Minimalist Institutional Architecture,75,99,PP_DS,0,0.2601246105919003,-0.2601246105919003
2,Minimalist Institutional Architecture,75,100,TBT_framework,0.10666666666666665,0.367601246105919,-0.26093457943925236
2,Minimalist Institutional Architecture,75,101,IPR_treaty_incorporation,0.013333333333333336,0.2834890965732088,-0.27015576323987545
2,Minimalist Institutional Architecture,75,102,PP_Overview,0.04,0.3271028037383178,-0.2871028037383178
2,Minimalist Institutional Architecture,75,103,serv_roo,0.009999999999999988,0.2995846313603322,-0.2895846313603322
2,Minimalist Institutional Architecture,75,104,MoC_free_transfer,0.01614035087719298,0.31628135759960646,-0.3001410067224135
2,Minimalist Institutional Architecture,75,105,serv_struc,0.006666666666666673,0.3154205607476635,-0.30875389408099685
2,Minimalist Institutional Architecture,75,106,RoO_certification,0.186984126984127,0.5009642486278,-0.31398012164367295
2,Minimalist Institutional Architecture,75,107,invest_DS,0.013333333333333345,0.3489096573208722,-0.33557632398753884
2,Minimalist Institutional Architecture,75,108,SPS_framework,0.18933333333333333,0.5289719626168224,-0.3396386292834891
2,Minimalist Institutional Architecture,75,109,serv_exc,0.01070707070707071,0.3505538248528902,-0.3398467541458195
2,Minimalist Institutional Architecture,75,110,serv_DR,0.0014285714285714264,0.34131619937694707,-0.3398876279483756
2,Minimalist Institutional Architecture,75,111,service_DS,0.004444444444444441,0.35306334371754927,-0.34861889927310485
2,Minimalist Institutional Architecture,75,112,TFC_transparency,0.02999999999999998,0.38161993769470415,-0.3516199376947042
2,Minimalist Institutional Architecture,75,113,serv_market_access,0.004444444444444439,0.3781585323641399,-0.37371408791969546
2,Minimalist Institutional Architecture,75,114,serv_transparency,0.0038888888888888914,0.38765576323987544,-0.38376687435098655
2,Minimalist Institutional Architecture,75,115,export_coo,0.06814814814814814,0.4603669089650398,-0.39221876081689167
2,Minimalist Institutional Architecture,75,116,TFC_origin_admin,0.16799999999999998,0.5794392523364484,-0.41143925233644846
3,"Services, Competition and Mobility Governance Architecture",27,1,CP_procedural_fairness,0.3703703703703704,0.1505711318795431,0.2197992384908273
3,"Services, Competition and Mobility Governance Architecture",27,2,serv_roo,0.49691358024691346,0.2995846313603322,0.19732894888658126
3,"Services, Competition and Mobility Governance Architecture",27,3,CP_substantive,0.5061728395061729,0.328141225337487,0.17803161416868585
3,"Services, Competition and Mobility Governance Architecture",27,4,subsid_SDT,0.22222222222222218,0.054517133956386306,0.16770508826583588
3,"Services, Competition and Mobility Governance Architecture",27,5,VA_framework_gov,0.24074074074074076,0.07398753894080994,0.1667532017999308
3,"Services, Competition and Mobility Governance Architecture",27,6,VA_coverage,0.2633744855967078,0.10591900311526484,0.15745548248144295
3,"Services, Competition and Mobility Governance Architecture",27,7,serv_safeguard,0.4074074074074074,0.2512980269989615,0.1561093804084459
3,"Services, Competition and Mobility Governance Architecture",27,8,env_external_assist,0.4074074074074074,0.25233644859813087,0.15507095880927652
3,"Services, Competition and Mobility Governance Architecture",27,9,CP_cooperation,0.3518518518518518,0.19937694704049844,0.15247490481135337
3,"Services, Competition and Mobility Governance Architecture",27,10,CP_framework,0.30864197530864196,0.17912772585669784,0.12951424945194412
3,"Services, Competition and Mobility Governance Architecture",27,11,subsid_transparency,0.3055555555555556,0.19392523364485972,0.11163032191069586
3,"Services, Competition and Mobility Governance Architecture",27,12,env_protect,0.2154882154882155,0.12121212121212128,0.09427609427609422
3,"Services, Competition and Mobility Governance Architecture",27,13,VA_DS,0.24691358024691357,0.17757009345794394,0.06934348678896962
3,"Services, Competition and Mobility Governance Architecture",27,14,TBT_cooperation,0.30864197530864196,0.23987538940809974,0.06876658590054222
3,"Services, Competition and Mobility Governance Architecture",27,15,serv_market_access,0.4465020576131687,0.3781585323641399,0.06834352524902881
3,"Services, Competition and Mobility Governance Architecture",27,16,IPR_coordination,0.2037037037037037,0.14563862928348906,0.058065074420214635
3,"Services, Competition and Mobility Governance Architecture",27,17,env_object,0.34814814814814815,0.291588785046729,0.056559363101419124
3,"Services, Competition and Mobility Governance Architecture",27,18,labor_cooperation,0.2962962962962963,0.23987538940809958,0.056420906888196704
3,"Services, Competition and Mobility Governance Architecture",27,19,AD_Regime,0.654320987654321,0.608515057113188,0.04580593054113302
3,"Services, Competition and Mobility Governance Architecture",27,20,IPR_country_designations,0.11111111111111109,0.07009345794392514,0.04101765316718595
3,"Services, Competition and Mobility Governance Architecture",27,21,subsid_enforcement,0.4708994708994709,0.4334668446817979,0.03743262621767296
3,"Services, Competition and Mobility Governance Architecture",27,22,IPR_Gis,0.14285714285714288,0.10992434356920341,0.03293279928793946
3,"Services, Competition and Mobility Governance Architecture",27,23,CP_objectives,0.5493827160493827,0.5167445482866043,0.03263816776277839
3,"Services, Competition and Mobility Governance Architecture",27,24,RoO_value_content,0.6958553791887125,0.6710666369974781,0.024788742191234392
3,"Services, Competition and Mobility Governance Architecture",27,25,serv_exc,0.36915450804339695,0.3505538248528902,0.018600683190506728
3,"Services, Competition and Mobility Governance Architecture",27,26,export_agriculture,0.11111111111111109,0.09968847352024922,0.011422637590861873
3,"Services, Competition and Mobility Governance Architecture",27,27,SPS_risk_assess,0.13580246913580246,0.1246105919003115,0.011191877235490963
3,"Services, Competition and Mobility Governance Architecture",27,28,IPR_treaty_accession,0.15555555555555556,0.1460020768431983,0.00955347871235726
3,"Services, Competition and Mobility Governance Architecture",27,29,AD_lev2,0.16308243727598568,0.15626570193950357,0.00681673533648211
3,"Services, Competition and Mobility Governance Architecture",27,30,soe_misc,0.018518518518518524,0.012461059190031152,0.006057459328487372
3,"Services, Competition and Mobility Governance Architecture",27,31,TBT_standards,0.07407407407407407,0.06853582554517135,0.005538248528902723
3,"Services, Competition and Mobility Governance Architecture",27,32,soe_SDT,0.018518518518518528,0.01401869158878507,0.004499826929733457
3,"Services, Competition and Mobility Governance Architecture",27,33,serv_mobility,0.20987654320987653,0.20664589823468327,0.003230644975193264
3,"Services, Competition and Mobility Governance Architecture",27,34,invest_protect,0.41358024691358025,0.41190723433714094,0.0016730125764393144
3,"Services, Competition and Mobility Governance Architecture",27,35,TBT_tech_reg,0.08641975308641975,0.08670820353063344,-2.8845044421368926e-4
3,"Services, Competition and Mobility Governance Architecture",27,36,CD_regime,0.5432098765432098,0.5462097611630321,-0.0029998846198222573
3,"Services, Competition and Mobility Governance Architecture",27,37,export_licensing,0.02222222222222222,0.028660436137071626,-0.006438213914849406
3,"Services, Competition and Mobility Governance Architecture",27,38,subsid_substantive,0.25,0.25651373548569806,-0.006513735485698058
3,"Services, Competition and Mobility Governance Architecture",27,39,SPS_audit,0.06666666666666668,0.07538940809968848,-0.008722741433021805
3,"Services, Competition and Mobility Governance Architecture",27,40,SPS_cooperation,0.14351851851851855,0.1588785046728972,-0.015359986154378641
3,"Services, Competition and Mobility Governance Architecture",27,41,MoC_prudential_measures,0.41203703703703703,0.43068535825545173,-0.0186483212184147
3,"Services, Competition and Mobility Governance Architecture",27,42,RoO_verification,0.2222222222222222,0.24091381100726897,-0.01869158878504676
3,"Services, Competition and Mobility Governance Architecture",27,43,inbest_soc_reg,0.0905349794238683,0.10938040844582901,-0.018845429021960708
3,"Services, Competition and Mobility Governance Architecture",27,44,MoC_free_transfer,0.2962962962962963,0.31628135759960646,-0.01998506130331018
3,"Services, Competition and Mobility Governance Architecture",27,45,VA_movement_facilitation,0.242798353909465,0.2644513672551056,-0.021653013345640598
3,"Services, Competition and Mobility Governance Architecture",27,46,MoC_safeguards,0.38492063492063494,0.407543391188251,-0.022622756267616062
3,"Services, Competition and Mobility Governance Architecture",27,47,IPR_exhaustion,0.42592592592592593,0.44859813084112143,-0.022672204915195504
3,"Services, Competition and Mobility Governance Architecture",27,48,env_MEA_compl,0.037037037037037035,0.062305295950155756,-0.02526825891311872
3,"Services, Competition and Mobility Governance Architecture",27,49,invest_scop_def,0.4823232323232323,0.5094873973378646,-0.027164165014632313
3,"Services, Competition and Mobility Governance Architecture",27,50,IPR_NT,0.1851851851851852,0.21339563862928343,-0.028210453444098227
3,"Services, Competition and Mobility Governance Architecture",27,51,subsid_object_coverage,0.6018518518518519,0.6304517133956387,-0.028599861543786798
3,"Services, Competition and Mobility Governance Architecture",27,52,subsid_misc,0.037037037037037056,0.06853582554517137,-0.03149878850813432
3,"Services, Competition and Mobility Governance Architecture",27,53,SPS_standards,0.12962962962962962,0.16160436137071651,-0.03197473174108689
3,"Services, Competition and Mobility Governance Architecture",27,54,RoO_sourcing_flex,0.37962962962962965,0.411993769470405,-0.03236413984077535
3,"Services, Competition and Mobility Governance Architecture",27,55,CD_Subsidies,0.0740740740740741,0.10747663551401866,-0.033402561439944564
3,"Services, Competition and Mobility Governance Architecture",27,56,serv_struc,0.2808641975308642,0.3154205607476635,-0.03455636321679928
3,"Services, Competition and Mobility Governance Architecture",27,57,IPR_patents,0.07407407407407407,0.10903426791277263,-0.034960193838698556
3,"Services, Competition and Mobility Governance Architecture",27,58,TFC_cooperation,0.2962962962962963,0.33163409798923815,-0.03533780169294187
3,"Services, Competition and Mobility Governance Architecture",27,59,IPR_industrial_designs,0.05555555555555554,0.09267912772585672,-0.03712357217030118
3,"Services, Competition and Mobility Governance Architecture",27,60,CP_exeptions,0.6172839506172839,0.6573208722741433,-0.04003692165685935
3,"Services, Competition and Mobility Governance Architecture",27,61,env_promoting,0.12037037037037038,0.16043613707165114,-0.04006576670128076
3,"Services, Competition and Mobility Governance Architecture",27,62,service_DS,0.3086419753086417,0.35306334371754927,-0.04442136840890759
3,"Services, Competition and Mobility Governance Architecture",27,63,soe_enforcement,0.17777777777777778,0.2236760124610592,-0.045898234683281414
3,"Services, Competition and Mobility Governance Architecture",27,64,SPS_transparency,0.2839506172839506,0.33367947386638974,-0.04972885658243914
3,"Services, Competition and Mobility Governance Architecture",27,65,serv_DR,0.291005291005291,0.34131619937694707,-0.05031090837165608
3,"Services, Competition and Mobility Governance Architecture",27,66,IPR_copyright,0.1931216931216931,0.24543836226079213,-0.05231666913909902
3,"Services, Competition and Mobility Governance Architecture",27,67,RoO_additional_flex,0.6296296296296297,0.6832814122533749,-0.05365178262374526
3,"Services, Competition and Mobility Governance Architecture",27,68,soe_substantive,0.2993827160493827,0.3530633437175493,-0.053680627668166614
3,"Services, Competition and Mobility Governance Architecture",27,69,IPR_TMs,0.041975308641975316,0.09698857736240916,-0.05501326872043385
3,"Services, Competition and Mobility Governance Architecture",27,70,MoC_DS,0.4444444444444444,0.5,-0.05555555555555558
3,"Services, Competition and Mobility Governance Architecture",27,71,RoO_certification,0.4417989417989418,0.5009642486278,-0.05916530682885818
3,"Services, Competition and Mobility Governance Architecture",27,72,VA_exc,0.17777777777777778,0.23925233644859825,-0.06147455867082047
3,"Services, Competition and Mobility Governance Architecture",27,73,env_trade,0.23809523809523808,0.3008455718736093,-0.06275033377837119
3,"Services, Competition and Mobility Governance Architecture",27,74,invest_lib,0.29365079365079366,0.35781041388518026,-0.0641596202343866
3,"Services, Competition and Mobility Governance Architecture",27,75,TBT_conformity_assess,0.043209876543209874,0.10903426791277256,-0.06582439136956268
3,"Services, Competition and Mobility Governance Architecture",27,76,SPS_institutions,0.20164609053497942,0.26791277258566976,-0.06626668205069033
3,"Services, Competition and Mobility Governance Architecture",27,77,serv_transparency,0.32098765432098764,0.38765576323987544,-0.0666681089188878
3,"Services, Competition and Mobility Governance Architecture",27,78,TFC_origin_admin,0.5111111111111111,0.5794392523364484,-0.06832814122533737
3,"Services, Competition and Mobility Governance Architecture",27,79,soe_object_coverage,0.34293552812071326,0.4125995154032537,-0.06966398728254042
3,"Services, Competition and Mobility Governance Architecture",27,80,serv_other,0.15824915824915825,0.22883035967148113,-0.07058120142232288
3,"Services, Competition and Mobility Governance Architecture",27,81,TFC_procedural_simplification,0.13703703703703704,0.20841121495327103,-0.07137417791623399
3,"Services, Competition and Mobility Governance Architecture",27,82,invest_transparency,0.07407407407407407,0.14719626168224292,-0.07312218760816885
3,"Services, Competition and Mobility Governance Architecture",27,83,PP_coverage,0.18357487922705312,0.2591087633753216,-0.0755338841482685
3,"Services, Competition and Mobility Governance Architecture",27,84,env_enforcement,0.24074074074074076,0.3208722741433021,-0.08013153340256135
3,"Services, Competition and Mobility Governance Architecture",27,85,soe_transparency,0.02962962962962964,0.11277258566978195,-0.0831429560401523
3,"Services, Competition and Mobility Governance Architecture",27,86,IPR_data_protect,0,0.08348909657320867,-0.08348909657320867
3,"Services, Competition and Mobility Governance Architecture",27,87,IPR_treaty_incorporation,0.19753086419753085,0.2834890965732088,-0.08595823237567796
3,"Services, Competition and Mobility Governance Architecture",27,88,IPR_transparency,0,0.0883956386292834,-0.0883956386292834
3,"Services, Competition and Mobility Governance Architecture",27,89,TFC_border_efficiency,0.07977207977207976,0.16990174934100166,-0.0901296695689219
3,"Services, Competition and Mobility Governance Architecture",27,90,IPR_biodiversity_TK,0,0.09345794392523366,-0.09345794392523366
3,"Services, Competition and Mobility Governance Architecture",27,91,CD_lev2,0.08436213991769546,0.17859409253490255,-0.09423195261720708
3,"Services, Competition and Mobility Governance Architecture",27,92,labor_substance,0.05864197530864198,0.15290758047767397,-0.09426560516903199
3,"Services, Competition and Mobility Governance Architecture",27,93,PP_non_discrim,0.01683501683501683,0.11384876805437552,-0.0970137512193587
3,"Services, Competition and Mobility Governance Architecture",27,94,labor_monitoring,0.07407407407407408,0.17964693665628248,-0.1055728625822084
3,"Services, Competition and Mobility Governance Architecture",27,95,export_quota_qr,0.24338624338624337,0.35180240320427236,-0.10841615981802899
3,"Services, Competition and Mobility Governance Architecture",27,96,PP_new _issues,0.018518518518518517,0.1285046728971963,-0.10998615437867779
3,"Services, Competition and Mobility Governance Architecture",27,97,IPR_enforcement,0.04713804713804714,0.16723307844803176,-0.12009503130998461
3,"Services, Competition and Mobility Governance Architecture",27,98,MoC_exceptions,0.25925925925925924,0.39979231568016615,-0.1405330564209069
3,"Services, Competition and Mobility Governance Architecture",27,99,PP_transparency,0.0057870370370370385,0.15070093457943928,-0.14491389754240225
3,"Services, Competition and Mobility Governance Architecture",27,100,MoC_exclusions,0.057239057239057235,0.20504106485414897,-0.14780200761509174
3,"Services, Competition and Mobility Governance Architecture",27,101,TBT_DS,0.5185185185185185,0.6713395638629284,-0.15282104534440988
3,"Services, Competition and Mobility Governance Architecture",27,102,export_taxes,0.14506172839506173,0.3006230529595016,-0.15556132456443986
3,"Services, Competition and Mobility Governance Architecture",27,103,export_admin_fee,0.007407407407407407,0.16386292834890964,-0.15645552094150222
3,"Services, Competition and Mobility Governance Architecture",27,104,export_NTM,0.027777777777777773,0.20560747663551415,-0.1778296988577364
3,"Services, Competition and Mobility Governance Architecture",27,105,PP_procedural_disciplines,0.05518518518518519,0.23445482866043618,-0.17926964347525098
3,"Services, Competition and Mobility Governance Architecture",27,106,SPS_framework,0.33333333333333337,0.5289719626168224,-0.19563862928348907
3,"Services, Competition and Mobility Governance Architecture",27,107,PP_Overview,0.12962962962962962,0.3271028037383178,-0.19747317410868817
3,"Services, Competition and Mobility Governance Architecture",27,108,TFC_fees,0.037037037037037035,0.24922118380062305,-0.21218414676358602
3,"Services, Competition and Mobility Governance Architecture",27,109,invest_DS,0.13580246913580246,0.3489096573208722,-0.21310718818506974
3,"Services, Competition and Mobility Governance Architecture",27,110,TBT_transparency,0.04938271604938271,0.26998961578400826,-0.22060689973462555
3,"Services, Competition and Mobility Governance Architecture",27,111,export_invest,0,0.22118380062305298,-0.22118380062305298
3,"Services, Competition and Mobility Governance Architecture",27,112,export_coo,0.23456790123456792,0.4603669089650398,-0.22579900773047187
3,"Services, Competition and Mobility Governance Architecture",27,113,TBT_framework,0.1358024691358025,0.367601246105919,-0.2317987769701165
3,"Services, Competition and Mobility Governance Architecture",27,114,PP_DS,0.02777777777777777,0.2601246105919003,-0.23234683281412252
3,"Services, Competition and Mobility Governance Architecture",27,115,labor_object,0.05555555555555554,0.29127725856697806,-0.23572170301142253
3,"Services, Competition and Mobility Governance Architecture",27,116,TFC_transparency,0.11111111111111108,0.38161993769470415,-0.2705088265835931
4,Services–Investment and Capital Mobility Architecture,57,1,invest_DS,0.8304093567251462,0.3489096573208722,0.48149969940427395
4,Services–Investment and Capital Mobility Architecture,57,2,serv_transparency,0.7755847953216374,0.38765576323987544,0.38792903208176194
4,Services–Investment and Capital Mobility Architecture,57,3,MoC_free_transfer,0.7008310249307479,0.31628135759960646,0.38454966733114143
4,Services–Investment and Capital Mobility Architecture,57,4,service_DS,0.7192982456140349,0.35306334371754927,0.3662349018964856
4,Services–Investment and Capital Mobility Architecture,57,5,serv_safeguard,0.5964912280701754,0.2512980269989615,0.34519320107121393
4,Services–Investment and Capital Mobility Architecture,57,6,serv_DR,0.6806077694235589,0.34131619937694707,0.33929157004661187
4,Services–Investment and Capital Mobility Architecture,57,7,serv_exc,0.6827485380116959,0.3505538248528902,0.33219471315880567
4,Services–Investment and Capital Mobility Architecture,57,8,serv_market_access,0.6783625730994152,0.3781585323641399,0.3002040407352753
4,Services–Investment and Capital Mobility Architecture,57,9,invest_transparency,0.4473684210526316,0.14719626168224292,0.30017215937038866
4,Services–Investment and Capital Mobility Architecture,57,10,VA_exc,0.5298245614035088,0.23925233644859825,0.29057222495491053
4,Services–Investment and Capital Mobility Architecture,57,11,MoC_exclusions,0.4864433811802233,0.20504106485414897,0.2814023163260743
4,Services–Investment and Capital Mobility Architecture,57,12,serv_struc,0.5804093567251463,0.3154205607476635,0.26498879597748276
4,Services–Investment and Capital Mobility Architecture,57,13,TFC_transparency,0.6381578947368421,0.38161993769470415,0.256537957042138
4,Services–Investment and Capital Mobility Architecture,57,14,invest_lib,0.6077694235588972,0.35781041388518026,0.24995900967371693
4,Services–Investment and Capital Mobility Architecture,57,15,SPS_framework,0.7543859649122807,0.5289719626168224,0.22541400229545827
4,Services–Investment and Capital Mobility Architecture,57,16,export_invest,0.4444444444444444,0.22118380062305298,0.22326064382139144
4,Services–Investment and Capital Mobility Architecture,57,17,MoC_DS,0.7222222222222222,0.5,0.2222222222222222
4,Services–Investment and Capital Mobility Architecture,57,18,serv_other,0.4274322169059011,0.22883035967148113,0.19860185723441998
4,Services–Investment and Capital Mobility Architecture,57,19,invest_protect,0.6072124756335283,0.41190723433714094,0.19530524129638738
4,Services–Investment and Capital Mobility Architecture,57,20,VA_movement_facilitation,0.45224171539961017,0.2644513672551056,0.18779034814450457
4,Services–Investment and Capital Mobility Architecture,57,21,serv_roo,0.48538011695906425,0.2995846313603322,0.18579548559873205
4,Services–Investment and Capital Mobility Architecture,57,22,IPR_treaty_incorporation,0.4678362573099415,0.2834890965732088,0.18434716073673268
4,Services–Investment and Capital Mobility Architecture,57,23,TBT_framework,0.5497076023391813,0.367601246105919,0.18210635623326227
4,Services–Investment and Capital Mobility Architecture,57,24,TBT_transparency,0.43859649122807015,0.26998961578400826,0.1686068754440619
4,Services–Investment and Capital Mobility Architecture,57,25,VA_DS,0.34502923976608185,0.17757009345794394,0.1674591463081379
4,Services–Investment and Capital Mobility Architecture,57,26,serv_mobility,0.36257309941520466,0.20664589823468327,0.1559272011805214
4,Services–Investment and Capital Mobility Architecture,57,27,TFC_origin_admin,0.7192982456140351,0.5794392523364484,0.13985899327758666
4,Services–Investment and Capital Mobility Architecture,57,28,CP_exeptions,0.7894736842105263,0.6573208722741433,0.13215281193638306
4,Services–Investment and Capital Mobility Architecture,57,29,IPR_transparency,0.21929824561403508,0.0883956386292834,0.13090260698475167
4,Services–Investment and Capital Mobility Architecture,57,30,CP_objectives,0.6410818713450293,0.5167445482866043,0.12433732305842493
4,Services–Investment and Capital Mobility Architecture,57,31,MoC_exceptions,0.52046783625731,0.39979231568016615,0.12067552057714381
4,Services–Investment and Capital Mobility Architecture,57,32,export_coo,0.580896686159844,0.4603669089650398,0.12052977719480423
4,Services–Investment and Capital Mobility Architecture,57,33,invest_scop_def,0.629585326953748,0.5094873973378646,0.12009792961588339
4,Services–Investment and Capital Mobility Architecture,57,34,inbest_soc_reg,0.22807017543859648,0.10938040844582901,0.11868976699276747
4,Services–Investment and Capital Mobility Architecture,57,35,SPS_standards,0.2741228070175439,0.16160436137071651,0.11251844564682736
4,Services–Investment and Capital Mobility Architecture,57,36,MoC_safeguards,0.5169172932330827,0.407543391188251,0.10937390204483166
4,Services–Investment and Capital Mobility Architecture,57,37,TBT_cooperation,0.34502923976608185,0.23987538940809974,0.10515385035798211
4,Services–Investment and Capital Mobility Architecture,57,38,SPS_institutions,0.37037037037037035,0.26791277258566976,0.1024575977847006
4,Services–Investment and Capital Mobility Architecture,57,39,SPS_cooperation,0.26096491228070173,0.1588785046728972,0.10208640760780455
4,Services–Investment and Capital Mobility Architecture,57,40,SPS_transparency,0.4346978557504873,0.33367947386638974,0.10101838188409756
4,Services–Investment and Capital Mobility Architecture,57,41,IPR_coordination,0.2456140350877193,0.14563862928348906,0.09997540580423026
4,Services–Investment and Capital Mobility Architecture,57,42,TFC_border_efficiency,0.2631578947368421,0.16990174934100166,0.09325614539584043
4,Services–Investment and Capital Mobility Architecture,57,43,SPS_risk_assess,0.21052631578947367,0.1246105919003115,0.08591572388916217
4,Services–Investment and Capital Mobility Architecture,57,44,TFC_procedural_simplification,0.2929824561403509,0.20841121495327103,0.08457124118707987
4,Services–Investment and Capital Mobility Architecture,57,45,TBT_conformity_assess,0.19298245614035087,0.10903426791277256,0.08394818822757831
4,Services–Investment and Capital Mobility Architecture,57,46,RoO_additional_flex,0.7660818713450293,0.6832814122533749,0.08280045909165434
4,Services–Investment and Capital Mobility Architecture,57,47,export_NTM,0.28508771929824556,0.20560747663551415,0.0794802426627314
4,Services–Investment and Capital Mobility Architecture,57,48,CP_cooperation,0.2748538011695907,0.19937694704049844,0.07547685412909225
4,Services–Investment and Capital Mobility Architecture,57,49,subsid_object_coverage,0.7039473684210527,0.6304517133956387,0.073495655025414
4,Services–Investment and Capital Mobility Architecture,57,50,export_admin_fee,0.23508771929824562,0.16386292834890964,0.07122479094933598
4,Services–Investment and Capital Mobility Architecture,57,51,env_external_assist,0.3157894736842105,0.25233644859813087,0.06345302508607964
4,Services–Investment and Capital Mobility Architecture,57,52,IPR_industrial_designs,0.14912280701754388,0.09267912772585672,0.05644367929168716
4,Services–Investment and Capital Mobility Architecture,57,53,IPR_biodiversity_TK,0.14912280701754393,0.09345794392523366,0.05566486309231028
4,Services–Investment and Capital Mobility Architecture,57,54,VA_coverage,0.15789473684210525,0.10591900311526484,0.05197573372684042
4,Services–Investment and Capital Mobility Architecture,57,55,RoO_value_content,0.7219715956558063,0.6710666369974781,0.050904958658328114
4,Services–Investment and Capital Mobility Architecture,57,56,PP_DS,0.3070175438596492,0.2601246105919003,0.046892933267748904
4,Services–Investment and Capital Mobility Architecture,57,57,SPS_audit,0.11403508771929825,0.07538940809968848,0.03864567961960977
4,Services–Investment and Capital Mobility Architecture,57,58,CD_regime,0.5847953216374269,0.5462097611630321,0.038585560474394764
4,Services–Investment and Capital Mobility Architecture,57,59,PP_new _issues,0.16666666666666669,0.1285046728971963,0.03816199376947038
4,Services–Investment and Capital Mobility Architecture,57,60,CP_framework,0.21637426900584797,0.17912772585669784,0.03724654314915013
4,Services–Investment and Capital Mobility Architecture,57,61,TBT_tech_reg,0.12280701754385964,0.08670820353063344,0.036098814013226205
4,Services–Investment and Capital Mobility Architecture,57,62,PP_procedural_disciplines,0.2694736842105263,0.23445482866043618,0.03501885555009013
4,Services–Investment and Capital Mobility Architecture,57,63,PP_transparency,0.1847587719298246,0.15070093457943928,0.03405783735038531
4,Services–Investment and Capital Mobility Architecture,57,64,IPR_NT,0.2456140350877193,0.21339563862928343,0.03221839645843588
4,Services–Investment and Capital Mobility Architecture,57,65,CP_procedural_fairness,0.18128654970760233,0.1505711318795431,0.030715417828059227
4,Services–Investment and Capital Mobility Architecture,57,66,TFC_cooperation,0.3620414673046252,0.33163409798923815,0.030407369315387067
4,Services–Investment and Capital Mobility Architecture,57,67,PP_Overview,0.3552631578947369,0.3271028037383178,0.0281603541564191
4,Services–Investment and Capital Mobility Architecture,57,68,TFC_fees,0.27485380116959063,0.24922118380062305,0.025632617368967575
4,Services–Investment and Capital Mobility Architecture,57,69,env_enforcement,0.3464912280701754,0.3208722741433021,0.0256189539268733
4,Services–Investment and Capital Mobility Architecture,57,70,subsid_substantive,0.27923976608187134,0.25651373548569806,0.022726030596173286
4,Services–Investment and Capital Mobility Architecture,57,71,TBT_standards,0.09122807017543859,0.06853582554517135,0.02269224463026724
4,Services–Investment and Capital Mobility Architecture,57,72,VA_framework_gov,0.09649122807017545,0.07398753894080994,0.02250368912936551
4,Services–Investment and Capital Mobility Architecture,57,73,export_quota_qr,0.37343358395989973,0.35180240320427236,0.021631180755627366
4,Services–Investment and Capital Mobility Architecture,57,74,RoO_verification,0.260233918128655,0.24091381100726897,0.019320107121386015
4,Services–Investment and Capital Mobility Architecture,57,75,IPR_TMs,0.11228070175438597,0.09698857736240916,0.015292124391976802
4,Services–Investment and Capital Mobility Architecture,57,76,AD_Regime,0.6198830409356725,0.608515057113188,0.011367983822484495
4,Services–Investment and Capital Mobility Architecture,57,77,env_trade,0.3107769423558897,0.3008455718736093,0.009931370482280433
4,Services–Investment and Capital Mobility Architecture,57,78,IPR_enforcement,0.17464114832535885,0.16723307844803176,0.007408069877327089
4,Services–Investment and Capital Mobility Architecture,57,79,export_licensing,0.03508771929824562,0.028660436137071626,0.006427283161173993
4,Services–Investment and Capital Mobility Architecture,57,80,PP_coverage,0.2654462242562929,0.2591087633753216,0.006337460880971257
4,Services–Investment and Capital Mobility Architecture,57,81,soe_substantive,0.3567251461988304,0.3530633437175493,0.0036618024812810623
4,Services–Investment and Capital Mobility Architecture,57,82,IPR_patents,0.11152882205513784,0.10903426791277263,0.002494554142365213
4,Services–Investment and Capital Mobility Architecture,57,83,subsid_enforcement,0.43358395989974935,0.4334668446817979,1.1711521795143565e-4
4,Services–Investment and Capital Mobility Architecture,57,84,soe_object_coverage,0.41000649772579595,0.4125995154032537,-0.002593017677457732
4,Services–Investment and Capital Mobility Architecture,57,85,AD_lev2,0.1536502546689304,0.15626570193950357,-0.002615447270573168
4,Services–Investment and Capital Mobility Architecture,57,86,RoO_sourcing_flex,0.40789473684210525,0.411993769470405,-0.004099032628299748
4,Services–Investment and Capital Mobility Architecture,57,87,CD_lev2,0.17446393762183235,0.17859409253490255,-0.0041301549130702
4,Services–Investment and Capital Mobility Architecture,57,88,RoO_certification,0.49603174603174605,0.5009642486278,-0.004932502596053934
4,Services–Investment and Capital Mobility Architecture,57,89,PP_non_discrim,0.1084529505582137,0.11384876805437552,-0.005395817496161817
4,Services–Investment and Capital Mobility Architecture,57,90,soe_enforcement,0.21403508771929824,0.2236760124610592,-0.009640924741760953
4,Services–Investment and Capital Mobility Architecture,57,91,IPR_exhaustion,0.43859649122807015,0.44859813084112143,-0.010001639613051283
4,Services–Investment and Capital Mobility Architecture,57,92,IPR_Gis,0.09774436090225565,0.10992434356920341,-0.012179982666947767
4,Services–Investment and Capital Mobility Architecture,57,93,soe_misc,0,0.012461059190031152,-0.012461059190031152
4,Services–Investment and Capital Mobility Architecture,57,94,soe_SDT,0,0.01401869158878507,-0.01401869158878507
4,Services–Investment and Capital Mobility Architecture,57,95,TBT_DS,0.6549707602339181,0.6713395638629284,-0.016368803629010276
4,Services–Investment and Capital Mobility Architecture,57,96,IPR_copyright,0.22807017543859648,0.24543836226079213,-0.017368186822195653
4,Services–Investment and Capital Mobility Architecture,57,97,subsid_SDT,0.03508771929824559,0.054517133956386306,-0.019429414658140715
4,Services–Investment and Capital Mobility Architecture,57,98,CD_Subsidies,0.08771929824561402,0.10747663551401866,-0.019757337268404646
4,Services–Investment and Capital Mobility Architecture,57,99,IPR_treaty_accession,0.1239766081871345,0.1460020768431983,-0.022025468656063793
4,Services–Investment and Capital Mobility Architecture,57,100,subsid_misc,0.043859649122807,0.06853582554517137,-0.024676176422364374
4,Services–Investment and Capital Mobility Architecture,57,101,env_object,0.26666666666666666,0.291588785046729,-0.024922118380062364
4,Services–Investment and Capital Mobility Architecture,57,102,CP_substantive,0.30214424951267055,0.328141225337487,-0.02599697582481647
4,Services–Investment and Capital Mobility Architecture,57,103,IPR_data_protect,0.04912280701754385,0.08348909657320867,-0.03436628955566482
4,Services–Investment and Capital Mobility Architecture,57,104,IPR_country_designations,0.03508771929824561,0.07009345794392514,-0.03500573864567953
4,Services–Investment and Capital Mobility Architecture,57,105,soe_transparency,0.07719298245614035,0.11277258566978195,-0.03557960321364159
4,Services–Investment and Capital Mobility Architecture,57,106,export_agriculture,0.061403508771929835,0.09968847352024922,-0.03828496474831938
4,Services–Investment and Capital Mobility Architecture,57,107,subsid_transparency,0.15350877192982457,0.19392523364485972,-0.04041646171503516
4,Services–Investment and Capital Mobility Architecture,57,108,env_protect,0.07655502392344499,0.12121212121212128,-0.0446570972886763
4,Services–Investment and Capital Mobility Architecture,57,109,env_MEA_compl,0.014035087719298248,0.062305295950155756,-0.04827020823085751
4,Services–Investment and Capital Mobility Architecture,57,110,MoC_prudential_measures,0.3793859649122807,0.43068535825545173,-0.05129939334317102
4,Services–Investment and Capital Mobility Architecture,57,111,labor_monitoring,0.11695906432748539,0.17964693665628248,-0.06268787232879709
4,Services–Investment and Capital Mobility Architecture,57,112,labor_object,0.22807017543859648,0.29127725856697806,-0.06320708312838158
4,Services–Investment and Capital Mobility Architecture,57,113,env_promoting,0.09210526315789475,0.16043613707165114,-0.06833087391375639
4,Services–Investment and Capital Mobility Architecture,57,114,labor_substance,0.06725146198830409,0.15290758047767397,-0.08565611848936988
4,Services–Investment and Capital Mobility Architecture,57,115,labor_cooperation,0.12280701754385967,0.23987538940809958,-0.1170683718642399
4,Services–Investment and Capital Mobility Architecture,57,116,export_taxes,0.14619883040935672,0.3006230529595016,-0.15442422255014487
5,Preferential Goods-Trade Administration Architecture,61,1,TFC_origin_admin,0.7737704918032787,0.5794392523364484,0.19433123946683029
5,Preferential Goods-Trade Administration Architecture,61,2,RoO_sourcing_flex,0.5926229508196722,0.411993769470405,0.1806291813492672
5,Preferential Goods-Trade Administration Architecture,61,3,RoO_certification,0.6563231850117096,0.5009642486278,0.15535893638390963
5,Preferential Goods-Trade Administration Architecture,61,4,export_coo,0.6120218579234973,0.4603669089650398,0.1516549489584575
5,Preferential Goods-Trade Administration Architecture,61,5,subsid_transparency,0.3442622950819672,0.19392523364485972,0.15033706143710748
5,Preferential Goods-Trade Administration Architecture,61,6,subsid_enforcement,0.5761124121779859,0.4334668446817979,0.142645567496188
5,Preferential Goods-Trade Administration Architecture,61,7,RoO_verification,0.32786885245901637,0.24091381100726897,0.0869550414517474
5,Preferential Goods-Trade Administration Architecture,61,8,export_agriculture,0.18032786885245902,0.09968847352024922,0.0806393953322098
5,Preferential Goods-Trade Administration Architecture,61,9,MoC_prudential_measures,0.5,0.43068535825545173,0.06931464174454827
5,Preferential Goods-Trade Administration Architecture,61,10,AD_Regime,0.6666666666666666,0.608515057113188,0.058151609553478645
5,Preferential Goods-Trade Administration Architecture,61,11,export_taxes,0.35655737704918034,0.3006230529595016,0.055934324089678744
5,Preferential Goods-Trade Administration Architecture,61,12,subsid_substantive,0.3006706408345753,0.25651373548569806,0.04415690534887723
5,Preferential Goods-Trade Administration Architecture,61,13,IPR_exhaustion,0.4918032786885246,0.44859813084112143,0.04320514784740315
5,Preferential Goods-Trade Administration Architecture,61,14,CP_substantive,0.3697632058287796,0.328141225337487,0.041621980491292565
5,Preferential Goods-Trade Administration Architecture,61,15,AD_lev2,0.19680944826370528,0.15626570193950357,0.04054374632420171
5,Preferential Goods-Trade Administration Architecture,61,16,CD_lev2,0.2161505768063145,0.17859409253490255,0.03755648427141195
5,Preferential Goods-Trade Administration Architecture,61,17,soe_enforcement,0.25901639344262295,0.2236760124610592,0.03534038098156375
5,Preferential Goods-Trade Administration Architecture,61,18,TFC_cooperation,0.360655737704918,0.33163409798923815,0.029021639715679837
5,Preferential Goods-Trade Administration Architecture,61,19,soe_substantive,0.3770491803278689,0.3530633437175493,0.023985836610319555
5,Preferential Goods-Trade Administration Architecture,61,20,subsid_object_coverage,0.6536885245901639,0.6304517133956387,0.023236811194525253
5,Preferential Goods-Trade Administration Architecture,61,21,export_quota_qr,0.3641686182669789,0.35180240320427236,0.01236621506270652
5,Preferential Goods-Trade Administration Architecture,61,22,env_protect,0.13114754098360656,0.12121212121212128,0.00993541977148528
5,Preferential Goods-Trade Administration Architecture,61,23,CD_Subsidies,0.11475409836065575,0.10747663551401866,0.007277462846637092
5,Preferential Goods-Trade Administration Architecture,61,24,subsid_SDT,0.05737704918032788,0.054517133956386306,0.0028599152239415712
5,Preferential Goods-Trade Administration Architecture,61,25,soe_object_coverage,0.4153005464480874,0.4125995154032537,0.0027010310448337127
5,Preferential Goods-Trade Administration Architecture,61,26,RoO_additional_flex,0.6775956284153005,0.6832814122533749,-0.0056857838380743875
5,Preferential Goods-Trade Administration Architecture,61,27,CP_exeptions,0.6502732240437158,0.6573208722741433,-0.007047648230427472
5,Preferential Goods-Trade Administration Architecture,61,28,soe_transparency,0.10491803278688525,0.11277258566978195,-0.007854552882896701
5,Preferential Goods-Trade Administration Architecture,61,29,TBT_DS,0.6612021857923497,0.6713395638629284,-0.010137378070578684
5,Preferential Goods-Trade Administration Architecture,61,30,soe_misc,0,0.012461059190031152,-0.012461059190031152
5,Preferential Goods-Trade Administration Architecture,61,31,soe_SDT,0,0.01401869158878507,-0.01401869158878507
5,Preferential Goods-Trade Administration Architecture,61,32,CD_regime,0.5300546448087432,0.5462097611630321,-0.0161551163542889
5,Preferential Goods-Trade Administration Architecture,61,33,subsid_misc,0.04918032786885244,0.06853582554517137,-0.019355497676318938
5,Preferential Goods-Trade Administration Architecture,61,34,env_external_assist,0.22950819672131156,0.25233644859813087,-0.022828251876819305
5,Preferential Goods-Trade Administration Architecture,61,35,IPR_patents,0.08548009367681497,0.10903426791277263,-0.023554174235957653
5,Preferential Goods-Trade Administration Architecture,61,36,CP_cooperation,0.17486338797814208,0.19937694704049844,-0.02451355906235636
5,Preferential Goods-Trade Administration Architecture,61,37,export_licensing,0,0.028660436137071626,-0.028660436137071626
5,Preferential Goods-Trade Administration Architecture,61,38,TBT_standards,0.03934426229508198,0.06853582554517135,-0.02919156325008937
5,Preferential Goods-Trade Administration Architecture,61,39,IPR_treaty_accession,0.11584699453551912,0.1460020768431983,-0.030155082307679174
5,Preferential Goods-Trade Administration Architecture,61,40,IPR_data_protect,0.05245901639344264,0.08348909657320867,-0.031030080179766037
5,Preferential Goods-Trade Administration Architecture,61,41,IPR_industrial_designs,0.05737704918032789,0.09267912772585672,-0.03530207854552883
5,Preferential Goods-Trade Administration Architecture,61,42,CP_procedural_fairness,0.11475409836065574,0.1505711318795431,-0.03581703351888736
5,Preferential Goods-Trade Administration Architecture,61,43,RoO_value_content,0.6341141295862607,0.6710666369974781,-0.03695250741121747
5,Preferential Goods-Trade Administration Architecture,61,44,IPR_country_designations,0.032786885245901634,0.07009345794392514,-0.03730657269802351
5,Preferential Goods-Trade Administration Architecture,61,45,IPR_treaty_incorporation,0.24590163934426226,0.2834890965732088,-0.03758745722894655
5,Preferential Goods-Trade Administration Architecture,61,46,MoC_safeguards,0.3635831381733021,0.407543391188251,-0.04396025301494888
5,Preferential Goods-Trade Administration Architecture,61,47,TBT_tech_reg,0.03825136612021857,0.08670820353063344,-0.048456837410414864
5,Preferential Goods-Trade Administration Architecture,61,48,env_MEA_compl,0.010928961748633875,0.062305295950155756,-0.05137633420152188
5,Preferential Goods-Trade Administration Architecture,61,49,TBT_conformity_assess,0.05737704918032787,0.10903426791277256,-0.051657218732444686
5,Preferential Goods-Trade Administration Architecture,61,50,SPS_transparency,0.28051001821493626,0.33367947386638974,-0.05316945565145348
5,Preferential Goods-Trade Administration Architecture,61,51,CP_framework,0.12568306010928962,0.17912772585669784,-0.05344466574740822
5,Preferential Goods-Trade Administration Architecture,61,52,VA_framework_gov,0.016393442622950814,0.07398753894080994,-0.057594096317859125
5,Preferential Goods-Trade Administration Architecture,61,53,invest_scop_def,0.4511922503725782,0.5094873973378646,-0.058295146965286426
5,Preferential Goods-Trade Administration Architecture,61,54,IPR_coordination,0.0860655737704918,0.14563862928348906,-0.059573055512997256
5,Preferential Goods-Trade Administration Architecture,61,55,IPR_enforcement,0.1073025335320417,0.16723307844803176,-0.059930544915990064
5,Preferential Goods-Trade Administration Architecture,61,56,SPS_audit,0.014754098360655736,0.07538940809968848,-0.06063530973903275
5,Preferential Goods-Trade Administration Architecture,61,57,IPR_NT,0.14754098360655743,0.21339563862928343,-0.065854655022726
5,Preferential Goods-Trade Administration Architecture,61,58,IPR_TMs,0.03060109289617487,0.09698857736240916,-0.0663874844662343
5,Preferential Goods-Trade Administration Architecture,61,59,PP_coverage,0.1924447612259444,0.2591087633753216,-0.06666400214937723
5,Preferential Goods-Trade Administration Architecture,61,60,labor_object,0.22131147540983612,0.29127725856697806,-0.06996578315714194
5,Preferential Goods-Trade Administration Architecture,61,61,TFC_fees,0.1748633879781421,0.24922118380062305,-0.07435779582248095
5,Preferential Goods-Trade Administration Architecture,61,62,IPR_Gis,0.03278688524590163,0.10992434356920341,-0.0771374583233018
5,Preferential Goods-Trade Administration Architecture,61,63,SPS_cooperation,0.07991803278688524,0.1588785046728972,-0.07896047188601195
5,Preferential Goods-Trade Administration Architecture,61,64,IPR_transparency,0.008196721311475407,0.0883956386292834,-0.080198917317808
5,Preferential Goods-Trade Administration Architecture,61,65,VA_coverage,0.023679417122040077,0.10591900311526484,-0.08223958599322476
5,Preferential Goods-Trade Administration Architecture,61,66,IPR_copyright,0.16276346604215455,0.24543836226079213,-0.08267489621863758
5,Preferential Goods-Trade Administration Architecture,61,67,TFC_procedural_simplification,0.12459016393442623,0.20841121495327103,-0.0838210510188448
5,Preferential Goods-Trade Administration Architecture,61,68,IPR_biodiversity_TK,0.008196721311475407,0.09345794392523366,-0.08526122261375825
5,Preferential Goods-Trade Administration Architecture,61,69,TBT_cooperation,0.15300546448087432,0.23987538940809974,-0.08686992492722542
5,Preferential Goods-Trade Administration Architecture,61,70,PP_non_discrim,0.025335320417287633,0.11384876805437552,-0.08851344763708789
5,Preferential Goods-Trade Administration Architecture,61,71,inbest_soc_reg,0.01821493624772315,0.10938040844582901,-0.09116547219810586
5,Preferential Goods-Trade Administration Architecture,61,72,TFC_border_efficiency,0.07818411097099622,0.16990174934100166,-0.09171763837000545
5,Preferential Goods-Trade Administration Architecture,61,73,SPS_standards,0.06967213114754098,0.16160436137071651,-0.09193223022317554
5,Preferential Goods-Trade Administration Architecture,61,74,CP_objectives,0.42281420765027317,0.5167445482866043,-0.09393034063633116
5,Preferential Goods-Trade Administration Architecture,61,75,export_admin_fee,0.0655737704918033,0.16386292834890964,-0.09828915785710635
5,Preferential Goods-Trade Administration Architecture,61,76,PP_Overview,0.22540983606557377,0.3271028037383178,-0.10169296767274402
5,Preferential Goods-Trade Administration Architecture,61,77,SPS_institutions,0.16393442622950818,0.26791277258566976,-0.10397834635616157
5,Preferential Goods-Trade Administration Architecture,61,78,TBT_framework,0.2622950819672131,0.367601246105919,-0.10530616413870592
5,Preferential Goods-Trade Administration Architecture,61,79,env_object,0.1836065573770492,0.291588785046729,-0.10798222766967983
5,Preferential Goods-Trade Administration Architecture,61,80,SPS_risk_assess,0.016393442622950817,0.1246105919003115,-0.10821714927736067
5,Preferential Goods-Trade Administration Architecture,61,81,env_trade,0.1920374707259953,0.3008455718736093,-0.10880810114761397
5,Preferential Goods-Trade Administration Architecture,61,82,SPS_framework,0.419672131147541,0.5289719626168224,-0.10929983146928146
5,Preferential Goods-Trade Administration Architecture,61,83,MoC_DS,0.3879781420765027,0.5,-0.11202185792349728
5,Preferential Goods-Trade Administration Architecture,61,84,env_promoting,0.04508196721311474,0.16043613707165114,-0.11535416985853639
5,Preferential Goods-Trade Administration Architecture,61,85,env_enforcement,0.20491803278688517,0.3208722741433021,-0.11595424135641694
5,Preferential Goods-Trade Administration Architecture,61,86,invest_protect,0.2887067395264117,0.41190723433714094,-0.12320049481072926
5,Preferential Goods-Trade Administration Architecture,61,87,PP_new _issues,0,0.1285046728971963,-0.1285046728971963
5,Preferential Goods-Trade Administration Architecture,61,88,TBT_transparency,0.13661202185792348,0.26998961578400826,-0.13337759392608478
5,Preferential Goods-Trade Administration Architecture,61,89,MoC_exceptions,0.26229508196721313,0.39979231568016615,-0.13749723371295303
5,Preferential Goods-Trade Administration Architecture,61,90,invest_transparency,0.008196721311475405,0.14719626168224292,-0.1389995403707675
5,Preferential Goods-Trade Administration Architecture,61,91,labor_substance,0.01229508196721311,0.15290758047767397,-0.14061249851046087
5,Preferential Goods-Trade Administration Architecture,61,92,labor_cooperation,0.0983606557377049,0.23987538940809958,-0.1415147336703947
5,Preferential Goods-Trade Administration Architecture,61,93,VA_movement_facilitation,0.11839708561020036,0.2644513672551056,-0.14605428164490525
5,Preferential Goods-Trade Administration Architecture,61,94,PP_transparency,0,0.15070093457943928,-0.15070093457943928
5,Preferential Goods-Trade Administration Architecture,61,95,VA_DS,0.016393442622950807,0.17757009345794394,-0.16117665083499313
5,Preferential Goods-Trade Administration Architecture,61,96,labor_monitoring,0.016393442622950814,0.17964693665628248,-0.16325349403333167
5,Preferential Goods-Trade Administration Architecture,61,97,export_NTM,0.04098360655737705,0.20560747663551415,-0.1646238700781371
5,Preferential Goods-Trade Administration Architecture,61,98,PP_procedural_disciplines,0.04459016393442624,0.23445482866043618,-0.18986466472600994
5,Preferential Goods-Trade Administration Architecture,61,99,MoC_exclusions,0.01490312965722802,0.20504106485414897,-0.19013793519692096
5,Preferential Goods-Trade Administration Architecture,61,100,MoC_free_transfer,0.12079378774805866,0.31628135759960646,-0.1954875698515478
5,Preferential Goods-Trade Administration Architecture,61,101,serv_mobility,0.010928961748633876,0.20664589823468327,-0.1957169364860494
5,Preferential Goods-Trade Administration Architecture,61,102,invest_lib,0.15925058548009366,0.35781041388518026,-0.1985598284050866
5,Preferential Goods-Trade Administration Architecture,61,103,TFC_transparency,0.1680327868852459,0.38161993769470415,-0.21358715080945825
5,Preferential Goods-Trade Administration Architecture,61,104,export_invest,0,0.22118380062305298,-0.22118380062305298
5,Preferential Goods-Trade Administration Architecture,61,105,serv_other,0.0067064083457526085,0.22883035967148113,-0.2221239513257285
5,Preferential Goods-Trade Administration Architecture,61,106,serv_safeguard,0.02732240437158469,0.2512980269989615,-0.22397562262737677
5,Preferential Goods-Trade Administration Architecture,61,107,VA_exc,0.006557377049180335,0.23925233644859825,-0.23269495939941792
5,Preferential Goods-Trade Administration Architecture,61,108,PP_DS,0.004098360655737702,0.2601246105919003,-0.2560262499361626
5,Preferential Goods-Trade Administration Architecture,61,109,serv_roo,0.028688524590163928,0.2995846313603322,-0.2708961067701683
5,Preferential Goods-Trade Administration Architecture,61,110,serv_struc,0.01092896174863387,0.3154205607476635,-0.3044915989990296
5,Preferential Goods-Trade Administration Architecture,61,111,invest_DS,0.021857923497267742,0.3489096573208722,-0.3270517338236045
5,Preferential Goods-Trade Administration Architecture,61,112,serv_DR,0.0023419203747072595,0.34131619937694707,-0.3389742790022398
5,Preferential Goods-Trade Administration Architecture,61,113,service_DS,0.01092896174863386,0.35306334371754927,-0.34213438196891544
5,Preferential Goods-Trade Administration Architecture,61,114,serv_exc,0.008196721311475405,0.3505538248528902,-0.3423571035414148
5,Preferential Goods-Trade Administration Architecture,61,115,serv_market_access,0.019125683060109287,0.3781585323641399,-0.35903284930403057
5,Preferential Goods-Trade Administration Architecture,61,116,serv_transparency,0,0.38765576323987544,-0.38765576323987544
6,Comprehensive Market-Access and Enforcement Architecture,24,1,labor_cooperation,0.9583333333333334,0.23987538940809958,0.7184579439252338
6,Comprehensive Market-Access and Enforcement Architecture,24,2,PP_DS,0.9375,0.2601246105919003,0.6773753894080997
6,Comprehensive Market-Access and Enforcement Architecture,24,3,service_DS,1,0.35306334371754927,0.6469366562824508
6,Comprehensive Market-Access and Enforcement Architecture,24,4,env_promoting,0.8020833333333333,0.16043613707165114,0.6416471962616821
6,Comprehensive Market-Access and Enforcement Architecture,24,5,env_enforcement,0.90625,0.3208722741433021,0.5853777258566979
6,Comprehensive Market-Access and Enforcement Architecture,24,6,labor_monitoring,0.7638888888888888,0.17964693665628248,0.5842419522326063
6,Comprehensive Market-Access and Enforcement Architecture,24,7,serv_struc,0.8958333333333334,0.3154205607476635,0.5804127725856698
6,Comprehensive Market-Access and Enforcement Architecture,24,8,invest_DS,0.9166666666666666,0.3489096573208722,0.5677570093457944
6,Comprehensive Market-Access and Enforcement Architecture,24,9,serv_market_access,0.9398148148148149,0.3781585323641399,0.561656282450675
6,Comprehensive Market-Access and Enforcement Architecture,24,10,env_external_assist,0.7916666666666667,0.25233644859813087,0.5393302180685359
6,Comprehensive Market-Access and Enforcement Architecture,24,11,serv_transparency,0.9201388888888888,0.38765576323987544,0.5324831256490135
6,Comprehensive Market-Access and Enforcement Architecture,24,12,PP_procedural_disciplines,0.7533333333333333,0.23445482866043618,0.5188785046728971
6,Comprehensive Market-Access and Enforcement Architecture,24,13,export_NTM,0.71875,0.20560747663551415,0.5131425233644858
6,Comprehensive Market-Access and Enforcement Architecture,24,14,labor_substance,0.642361111111111,0.15290758047767397,0.4894535306334371
6,Comprehensive Market-Access and Enforcement Architecture,24,15,labor_object,0.7708333333333334,0.29127725856697806,0.4795560747663553
6,Comprehensive Market-Access and Enforcement Architecture,24,16,export_invest,0.6944444444444444,0.22118380062305298,0.47326064382139144
6,Comprehensive Market-Access and Enforcement Architecture,24,17,MoC_free_transfer,0.7872807017543859,0.31628135759960646,0.47099934415477945
6,Comprehensive Market-Access and Enforcement Architecture,24,18,env_object,0.7583333333333334,0.291588785046729,0.4667445482866044
6,Comprehensive Market-Access and Enforcement Architecture,24,19,MoC_exclusions,0.6704545454545454,0.20504106485414897,0.46541348060039645
6,Comprehensive Market-Access and Enforcement Architecture,24,20,PP_Overview,0.7916666666666666,0.3271028037383178,0.46456386292834884
6,Comprehensive Market-Access and Enforcement Architecture,24,21,serv_other,0.6893939393939393,0.22883035967148113,0.4605635797224582
6,Comprehensive Market-Access and Enforcement Architecture,24,22,IPR_NT,0.6666666666666667,0.21339563862928343,0.4532710280373833
6,Comprehensive Market-Access and Enforcement Architecture,24,23,serv_DR,0.7782738095238095,0.34131619937694707,0.43695761014686246
6,Comprehensive Market-Access and Enforcement Architecture,24,24,PP_transparency,0.5872395833333334,0.15070093457943928,0.4365386487538941
6,Comprehensive Market-Access and Enforcement Architecture,24,25,TFC_transparency,0.8177083333333334,0.38161993769470415,0.4360883956386292
6,Comprehensive Market-Access and Enforcement Architecture,24,26,invest_lib,0.7619047619047619,0.35781041388518026,0.4040943480195816
6,Comprehensive Market-Access and Enforcement Architecture,24,27,serv_exc,0.7471590909090909,0.3505538248528902,0.3966052660562007
6,Comprehensive Market-Access and Enforcement Architecture,24,28,IPR_enforcement,0.5625,0.16723307844803176,0.39526692155196824
6,Comprehensive Market-Access and Enforcement Architecture,24,29,env_trade,0.6666666666666666,0.3008455718736093,0.36582109479305736
6,Comprehensive Market-Access and Enforcement Architecture,24,30,IPR_copyright,0.6011904761904762,0.24543836226079213,0.35575211392968403
6,Comprehensive Market-Access and Enforcement Architecture,24,31,TBT_transparency,0.625,0.26998961578400826,0.35501038421599174
6,Comprehensive Market-Access and Enforcement Architecture,24,32,IPR_TMs,0.4361111111111111,0.09698857736240916,0.33912253374870194
6,Comprehensive Market-Access and Enforcement Architecture,24,33,IPR_treaty_accession,0.4694444444444445,0.1460020768431983,0.32344236760124623
6,Comprehensive Market-Access and Enforcement Architecture,24,34,serv_roo,0.6215277777777777,0.2995846313603322,0.3219431464174455
6,Comprehensive Market-Access and Enforcement Architecture,24,35,TFC_fees,0.5694444444444444,0.24922118380062305,0.32022326064382134
6,Comprehensive Market-Access and Enforcement Architecture,24,36,PP_non_discrim,0.4318181818181818,0.11384876805437552,0.3179694137638063
6,Comprehensive Market-Access and Enforcement Architecture,24,37,PP_coverage,0.5760869565217391,0.2591087633753216,0.3169781931464175
6,Comprehensive Market-Access and Enforcement Architecture,24,38,TBT_framework,0.6805555555555556,0.367601246105919,0.3129543094496366
6,Comprehensive Market-Access and Enforcement Architecture,24,39,PP_new _issues,0.38541666666666663,0.1285046728971963,0.2569119937694703
6,Comprehensive Market-Access and Enforcement Architecture,24,40,serv_mobility,0.4583333333333333,0.20664589823468327,0.25168743509865005
6,Comprehensive Market-Access and Enforcement Architecture,24,41,TFC_border_efficiency,0.4166666666666667,0.16990174934100166,0.24676491732566502
6,Comprehensive Market-Access and Enforcement Architecture,24,42,MoC_exceptions,0.6388888888888888,0.39979231568016615,0.23909657320872268
6,Comprehensive Market-Access and Enforcement Architecture,24,43,CP_exeptions,0.8888888888888888,0.6573208722741433,0.23156801661474558
6,Comprehensive Market-Access and Enforcement Architecture,24,44,VA_DS,0.40277777777777773,0.17757009345794394,0.2252076843198338
6,Comprehensive Market-Access and Enforcement Architecture,24,45,IPR_country_designations,0.29166666666666663,0.07009345794392514,0.2215732087227415
6,Comprehensive Market-Access and Enforcement Architecture,24,46,export_taxes,0.5208333333333333,0.3006230529595016,0.22021028037383167
6,Comprehensive Market-Access and Enforcement Architecture,24,47,TBT_DS,0.8819444444444444,0.6713395638629284,0.21060488058151605
6,Comprehensive Market-Access and Enforcement Architecture,24,48,TFC_cooperation,0.5416666666666666,0.33163409798923815,0.21003256867742848
6,Comprehensive Market-Access and Enforcement Architecture,24,49,MoC_DS,0.7013888888888888,0.5,0.20138888888888884
6,Comprehensive Market-Access and Enforcement Architecture,24,50,invest_protect,0.6018518518518519,0.41190723433714094,0.18994461751471092
6,Comprehensive Market-Access and Enforcement Architecture,24,51,IPR_data_protect,0.26666666666666666,0.08348909657320867,0.18317757009345798
6,Comprehensive Market-Access and Enforcement Architecture,24,52,CP_objectives,0.6927083333333333,0.5167445482866043,0.17596378504672894
6,Comprehensive Market-Access and Enforcement Architecture,24,53,env_MEA_compl,0.23055555555555554,0.062305295950155756,0.1682502596053998
6,Comprehensive Market-Access and Enforcement Architecture,24,54,IPR_patents,0.26785714285714285,0.10903426791277263,0.15882287494437022
6,Comprehensive Market-Access and Enforcement Architecture,24,55,RoO_certification,0.6572420634920635,0.5009642486278,0.1562778148642635
6,Comprehensive Market-Access and Enforcement Architecture,24,56,export_admin_fee,0.3166666666666667,0.16386292834890964,0.15280373831775707
6,Comprehensive Market-Access and Enforcement Architecture,24,57,soe_object_coverage,0.5601851851851852,0.4125995154032537,0.14758566978193155
6,Comprehensive Market-Access and Enforcement Architecture,24,58,RoO_additional_flex,0.8263888888888888,0.6832814122533749,0.14310747663551393
6,Comprehensive Market-Access and Enforcement Architecture,24,59,soe_transparency,0.25,0.11277258566978195,0.13722741433021807
6,Comprehensive Market-Access and Enforcement Architecture,24,60,inbest_soc_reg,0.24537037037037038,0.10938040844582901,0.13598996192454138
6,Comprehensive Market-Access and Enforcement Architecture,24,61,invest_transparency,0.28125,0.14719626168224292,0.13405373831775708
6,Comprehensive Market-Access and Enforcement Architecture,24,62,IPR_Gis,0.23214285714285712,0.10992434356920341,0.12221851357365371
6,Comprehensive Market-Access and Enforcement Architecture,24,63,SPS_framework,0.65,0.5289719626168224,0.12102803738317758
6,Comprehensive Market-Access and Enforcement Architecture,24,64,TFC_procedural_simplification,0.32916666666666666,0.20841121495327103,0.12075545171339563
6,Comprehensive Market-Access and Enforcement Architecture,24,65,TFC_origin_admin,0.7000000000000001,0.5794392523364484,0.12056074766355163
6,Comprehensive Market-Access and Enforcement Architecture,24,66,VA_exc,0.35833333333333334,0.23925233644859825,0.11908099688473509
6,Comprehensive Market-Access and Enforcement Architecture,24,67,VA_movement_facilitation,0.37962962962962965,0.2644513672551056,0.11517826237452405
6,Comprehensive Market-Access and Enforcement Architecture,24,68,CP_framework,0.2916666666666667,0.17912772585669784,0.11253894080996885
6,Comprehensive Market-Access and Enforcement Architecture,24,69,CP_cooperation,0.3055555555555555,0.19937694704049844,0.10617860851505709
6,Comprehensive Market-Access and Enforcement Architecture,24,70,TBT_cooperation,0.3333333333333333,0.23987538940809974,0.09345794392523357
6,Comprehensive Market-Access and Enforcement Architecture,24,71,CD_regime,0.6388888888888888,0.5462097611630321,0.09267912772585674
6,Comprehensive Market-Access and Enforcement Architecture,24,72,RoO_value_content,0.7610119047619048,0.6710666369974781,0.08994526776442668
6,Comprehensive Market-Access and Enforcement Architecture,24,73,IPR_transparency,0.17708333333333331,0.0883956386292834,0.08868769470404991
6,Comprehensive Market-Access and Enforcement Architecture,24,74,CP_procedural_fairness,0.23611111111111108,0.1505711318795431,0.08553997923156798
6,Comprehensive Market-Access and Enforcement Architecture,24,75,soe_substantive,0.4375,0.3530633437175493,0.08443665628245067
6,Comprehensive Market-Access and Enforcement Architecture,24,76,SPS_institutions,0.34259259259259256,0.26791277258566976,0.0746798200069228
6,Comprehensive Market-Access and Enforcement Architecture,24,77,AD_Regime,0.6805555555555555,0.608515057113188,0.07204049844236748
6,Comprehensive Market-Access and Enforcement Architecture,24,78,TBT_conformity_assess,0.18055555555555555,0.10903426791277256,0.071521287642783
6,Comprehensive Market-Access and Enforcement Architecture,24,79,invest_scop_def,0.5785984848484849,0.5094873973378646,0.06911108751062023
6,Comprehensive Market-Access and Enforcement Architecture,24,80,soe_enforcement,0.2916666666666667,0.2236760124610592,0.06799065420560749
6,Comprehensive Market-Access and Enforcement Architecture,24,81,subsid_object_coverage,0.6979166666666666,0.6304517133956387,0.06746495327102797
6,Comprehensive Market-Access and Enforcement Architecture,24,82,TBT_tech_reg,0.14583333333333331,0.08670820353063344,0.05912512980269988
6,Comprehensive Market-Access and Enforcement Architecture,24,83,SPS_cooperation,0.21354166666666669,0.1588785046728972,0.0546631619937695
6,Comprehensive Market-Access and Enforcement Architecture,24,84,VA_framework_gov,0.125,0.07398753894080994,0.051012461059190065
6,Comprehensive Market-Access and Enforcement Architecture,24,85,env_protect,0.17045454545454544,0.12121212121212128,0.04924242424242416
6,Comprehensive Market-Access and Enforcement Architecture,24,86,VA_coverage,0.15277777777777776,0.10591900311526484,0.046858774662512925
6,Comprehensive Market-Access and Enforcement Architecture,24,87,export_coo,0.5046296296296297,0.4603669089650398,0.04426272066458986
6,Comprehensive Market-Access and Enforcement Architecture,24,88,RoO_sourcing_flex,0.4479166666666667,0.411993769470405,0.03592289719626168
6,Comprehensive Market-Access and Enforcement Architecture,24,89,IPR_biodiversity_TK,0.125,0.09345794392523366,0.031542056074766345
6,Comprehensive Market-Access and Enforcement Architecture,24,90,subsid_enforcement,0.46428571428571425,0.4334668446817979,0.030818869603916332
6,Comprehensive Market-Access and Enforcement Architecture,24,91,MoC_safeguards,0.4375,0.407543391188251,0.029956608811748997
6,Comprehensive Market-Access and Enforcement Architecture,24,92,soe_SDT,0.02083333333333334,0.01401869158878507,0.006814641744548268
6,Comprehensive Market-Access and Enforcement Architecture,24,93,SPS_risk_assess,0.12499999999999999,0.1246105919003115,3.8940809968848744e-4
6,Comprehensive Market-Access and Enforcement Architecture,24,94,CD_lev2,0.1759259259259259,0.17859409253490255,-0.0026681666089766465
6,Comprehensive Market-Access and Enforcement Architecture,24,95,export_quota_qr,0.3482142857142857,0.35180240320427236,-0.003588117489986664
6,Comprehensive Market-Access and Enforcement Architecture,24,96,subsid_misc,0.0625,0.06853582554517137,-0.006035825545171375
6,Comprehensive Market-Access and Enforcement Architecture,24,97,AD_lev2,0.14874551971326166,0.15626570193950357,-0.0075201822262419005
6,Comprehensive Market-Access and Enforcement Architecture,24,98,IPR_exhaustion,0.4375,0.44859813084112143,-0.011098130841121434
6,Comprehensive Market-Access and Enforcement Architecture,24,99,soe_misc,0,0.012461059190031152,-0.012461059190031152
6,Comprehensive Market-Access and Enforcement Architecture,24,100,subsid_SDT,0.041666666666666664,0.054517133956386306,-0.012850467289719641
6,Comprehensive Market-Access and Enforcement Architecture,24,101,CP_substantive,0.3101851851851852,0.328141225337487,-0.017956040152301844
6,Comprehensive Market-Access and Enforcement Architecture,24,102,TBT_standards,0.05,0.06853582554517135,-0.018535825545171344
6,Comprehensive Market-Access and Enforcement Architecture,24,103,IPR_coordination,0.125,0.14563862928348906,-0.020638629283489057
6,Comprehensive Market-Access and Enforcement Architecture,24,104,SPS_transparency,0.3101851851851852,0.33367947386638974,-0.023494288681204567
6,Comprehensive Market-Access and Enforcement Architecture,24,105,CD_Subsidies,0.08333333333333334,0.10747663551401866,-0.02414330218068532
6,Comprehensive Market-Access and Enforcement Architecture,24,106,SPS_audit,0.05,0.07538940809968848,-0.025389408099688482
6,Comprehensive Market-Access and Enforcement Architecture,24,107,export_licensing,0,0.028660436137071626,-0.028660436137071626
6,Comprehensive Market-Access and Enforcement Architecture,24,108,SPS_standards,0.125,0.16160436137071651,-0.036604361370716515
6,Comprehensive Market-Access and Enforcement Architecture,24,109,RoO_verification,0.20138888888888887,0.24091381100726897,-0.0395249221183801
6,Comprehensive Market-Access and Enforcement Architecture,24,110,IPR_treaty_incorporation,0.2222222222222222,0.2834890965732088,-0.0612668743509866
6,Comprehensive Market-Access and Enforcement Architecture,24,111,subsid_substantive,0.1875,0.25651373548569806,-0.06901373548569806
6,Comprehensive Market-Access and Enforcement Architecture,24,112,export_agriculture,0.02083333333333334,0.09968847352024922,-0.07885514018691588
6,Comprehensive Market-Access and Enforcement Architecture,24,113,IPR_industrial_designs,0.010416666666666666,0.09267912772585672,-0.08226246105919005
6,Comprehensive Market-Access and Enforcement Architecture,24,114,serv_safeguard,0.11111111111111109,0.2512980269989615,-0.14018691588785037
6,Comprehensive Market-Access and Enforcement Architecture,24,115,subsid_transparency,0.052083333333333336,0.19392523364485972,-0.14184190031152638
6,Comprehensive Market-Access and Enforcement Architecture,24,116,MoC_prudential_measures,0.20833333333333331,0.43068535825545173,-0.22235202492211842
7,Public Procurement Governance Architecture,16,1,PP_DS,0.859375,0.2601246105919003,0.5992503894080997
7,Public Procurement Governance Architecture,16,2,PP_Overview,0.90625,0.3271028037383178,0.5791471962616822
7,Public Procurement Governance Architecture,16,3,PP_procedural_disciplines,0.80375,0.23445482866043618,0.5692951713395638
7,Public Procurement Governance Architecture,16,4,PP_transparency,0.55859375,0.15070093457943928,0.4078928154205607
7,Public Procurement Governance Architecture,16,5,IPR_NT,0.53125,0.21339563862928343,0.31785436137071654
7,Public Procurement Governance Architecture,16,6,PP_non_discrim,0.38636363636363635,0.11384876805437552,0.27251486830926086
7,Public Procurement Governance Architecture,16,7,PP_new _issues,0.34375,0.1285046728971963,0.2152453271028037
7,Public Procurement Governance Architecture,16,8,export_coo,0.6458333333333334,0.4603669089650398,0.18546642436829358
7,Public Procurement Governance Architecture,16,9,TBT_DS,0.8541666666666666,0.6713395638629284,0.18282710280373826
7,Public Procurement Governance Architecture,16,10,RoO_certification,0.6785714285714286,0.5009642486278,0.17760717994362862
7,Public Procurement Governance Architecture,16,11,IPR_treaty_incorporation,0.4583333333333333,0.2834890965732088,0.1748442367601245
7,Public Procurement Governance Architecture,16,12,soe_substantive,0.5260416666666666,0.3530633437175493,0.1729783229491173
7,Public Procurement Governance Architecture,16,13,AD_Regime,0.7708333333333333,0.608515057113188,0.16231827622014527
7,Public Procurement Governance Architecture,16,14,subsid_object_coverage,0.7890625,0.6304517133956387,0.15861078660436134
7,Public Procurement Governance Architecture,16,15,subsid_substantive,0.40625,0.25651373548569806,0.14973626451430194
7,Public Procurement Governance Architecture,16,16,CD_regime,0.6875,0.5462097611630321,0.1412902388369679
7,Public Procurement Governance Architecture,16,17,CP_exeptions,0.7916666666666666,0.6573208722741433,0.13434579439252337
7,Public Procurement Governance Architecture,16,18,TFC_origin_admin,0.7125,0.5794392523364484,0.13306074766355158
7,Public Procurement Governance Architecture,16,19,IPR_industrial_designs,0.21875,0.09267912772585672,0.12607087227414326
7,Public Procurement Governance Architecture,16,20,PP_coverage,0.3695652173913043,0.2591087633753216,0.1104564540159827
7,Public Procurement Governance Architecture,16,21,CD_lev2,0.28703703703703703,0.17859409253490255,0.10844294450213449
7,Public Procurement Governance Architecture,16,22,serv_DR,0.4475446428571429,0.34131619937694707,0.10622844348019583
7,Public Procurement Governance Architecture,16,23,serv_safeguard,0.35416666666666663,0.2512980269989615,0.10286863966770515
7,Public Procurement Governance Architecture,16,24,soe_transparency,0.2125,0.11277258566978195,0.09972741433021805
7,Public Procurement Governance Architecture,16,25,CP_substantive,0.4236111111111111,0.328141225337487,0.09546988577362409
7,Public Procurement Governance Architecture,16,26,subsid_enforcement,0.5267857142857143,0.4334668446817979,0.09331886960391639
7,Public Procurement Governance Architecture,16,27,soe_object_coverage,0.5023148148148148,0.4125995154032537,0.08971529941156109
7,Public Procurement Governance Architecture,16,28,VA_exc,0.325,0.23925233644859825,0.08574766355140176
7,Public Procurement Governance Architecture,16,29,labor_object,0.375,0.29127725856697806,0.08372274143302194
7,Public Procurement Governance Architecture,16,30,IPR_data_protect,0.1625,0.08348909657320867,0.07901090342679133
7,Public Procurement Governance Architecture,16,31,IPR_enforcement,0.24147727272727273,0.16723307844803176,0.07424419427924098
7,Public Procurement Governance Architecture,16,32,subsid_transparency,0.265625,0.19392523364485972,0.07169976635514028
7,Public Procurement Governance Architecture,16,33,CP_cooperation,0.2708333333333333,0.19937694704049844,0.07145638629283488
7,Public Procurement Governance Architecture,16,34,SPS_framework,0.6,0.5289719626168224,0.07102803738317753
7,Public Procurement Governance Architecture,16,35,RoO_additional_flex,0.75,0.6832814122533749,0.06671858774662509
7,Public Procurement Governance Architecture,16,36,serv_roo,0.3593749999999999,0.2995846313603322,0.05979036863966769
7,Public Procurement Governance Architecture,16,37,MoC_safeguards,0.46651785714285715,0.407543391188251,0.05897446595460615
7,Public Procurement Governance Architecture,16,38,export_quota_qr,0.40625,0.35180240320427236,0.05444759679572764
7,Public Procurement Governance Architecture,16,39,IPR_exhaustion,0.5,0.44859813084112143,0.051401869158878566
7,Public Procurement Governance Architecture,16,40,soe_enforcement,0.275,0.2236760124610592,0.051323987538940824
7,Public Procurement Governance Architecture,16,41,VA_movement_facilitation,0.3055555555555555,0.2644513672551056,0.04110418830044993
7,Public Procurement Governance Architecture,16,42,TFC_transparency,0.421875,0.38161993769470415,0.04025506230529585
7,Public Procurement Governance Architecture,16,43,CP_objectives,0.5546875,0.5167445482866043,0.03794295171339568
7,Public Procurement Governance Architecture,16,44,VA_coverage,0.13888888888888887,0.10591900311526484,0.03296988577362403
7,Public Procurement Governance Architecture,16,45,IPR_biodiversity_TK,0.125,0.09345794392523366,0.031542056074766345
7,Public Procurement Governance Architecture,16,46,VA_DS,0.20833333333333331,0.17757009345794394,0.03076323987538937
7,Public Procurement Governance Architecture,16,47,RoO_verification,0.2708333333333333,0.24091381100726897,0.029919522326064346
7,Public Procurement Governance Architecture,16,48,TFC_cooperation,0.35795454545454547,0.33163409798923815,0.026320447465307317
7,Public Procurement Governance Architecture,16,49,MoC_prudential_measures,0.453125,0.43068535825545173,0.022439641744548267
7,Public Procurement Governance Architecture,16,50,soe_misc,0.03125,0.012461059190031152,0.018788940809968846
7,Public Procurement Governance Architecture,16,51,CP_framework,0.19791666666666666,0.17912772585669784,0.018788940809968818
7,Public Procurement Governance Architecture,16,52,MoC_exceptions,0.41666666666666663,0.39979231568016615,0.016874350986500475
7,Public Procurement Governance Architecture,16,53,export_taxes,0.3125,0.3006230529595016,0.011876947040498409
7,Public Procurement Governance Architecture,16,54,IPR_treaty_accession,0.15416666666666665,0.1460020768431983,0.008164589823468349
7,Public Procurement Governance Architecture,16,55,subsid_SDT,0.0625,0.054517133956386306,0.007982866043613694
7,Public Procurement Governance Architecture,16,56,serv_struc,0.3229166666666667,0.3154205607476635,0.007496105919003182
7,Public Procurement Governance Architecture,16,57,IPR_Gis,0.11607142857142856,0.10992434356920341,0.006147085002225147
7,Public Procurement Governance Architecture,16,58,invest_DS,0.35416666666666663,0.3489096573208722,0.005257009345794428
7,Public Procurement Governance Architecture,16,59,VA_framework_gov,0.078125,0.07398753894080994,0.004137461059190065
7,Public Procurement Governance Architecture,16,60,RoO_sourcing_flex,0.415625,0.411993769470405,0.00363123052959502
7,Public Procurement Governance Architecture,16,61,inbest_soc_reg,0.1111111111111111,0.10938040844582901,0.001730702665282094
7,Public Procurement Governance Architecture,16,62,serv_mobility,0.20833333333333331,0.20664589823468327,0.0016874350986500475
7,Public Procurement Governance Architecture,16,63,serv_market_access,0.37847222222222215,0.3781585323641399,3.136898580822778e-4
7,Public Procurement Governance Architecture,16,64,IPR_coordination,0.140625,0.14563862928348906,-0.005013629283489057
7,Public Procurement Governance Architecture,16,65,subsid_misc,0.0625,0.06853582554517137,-0.006035825545171375
7,Public Procurement Governance Architecture,16,66,IPR_patents,0.10267857142857142,0.10903426791277263,-0.006355696484201201
7,Public Procurement Governance Architecture,16,67,invest_scop_def,0.5014204545454546,0.5094873973378646,-0.008066942792410048
7,Public Procurement Governance Architecture,16,68,env_enforcement,0.3125,0.3208722741433021,-0.008372274143302105
7,Public Procurement Governance Architecture,16,69,serv_exc,0.3418560606060606,0.3505538248528902,-0.008697764246829609
7,Public Procurement Governance Architecture,16,70,invest_lib,0.3482142857142857,0.35781041388518026,-0.009596128170894558
7,Public Procurement Governance Architecture,16,71,MoC_DS,0.4895833333333333,0.5,-0.010416666666666685
7,Public Procurement Governance Architecture,16,72,soe_SDT,0,0.01401869158878507,-0.01401869158878507
7,Public Procurement Governance Architecture,16,73,AD_lev2,0.14146505376344087,0.15626570193950357,-0.014800648176062692
7,Public Procurement Governance Architecture,16,74,RoO_value_content,0.6520833333333333,0.6710666369974781,-0.0189833036641448
7,Public Procurement Governance Architecture,16,75,service_DS,0.3333333333333331,0.35306334371754927,-0.01973001038421618
7,Public Procurement Governance Architecture,16,76,CP_procedural_fairness,0.12499999999999997,0.1505711318795431,-0.02557113187954313
7,Public Procurement Governance Architecture,16,77,TFC_border_efficiency,0.14423076923076925,0.16990174934100166,-0.025670980110232416
7,Public Procurement Governance Architecture,16,78,export_licensing,0,0.028660436137071626,-0.028660436137071626
7,Public Procurement Governance Architecture,16,79,IPR_transparency,0.0546875,0.0883956386292834,-0.0337081386292834
7,Public Procurement Governance Architecture,16,80,IPR_TMs,0.0625,0.09698857736240916,-0.034488577362409165
7,Public Procurement Governance Architecture,16,81,MoC_free_transfer,0.27960526315789475,0.31628135759960646,-0.036676094441711715
7,Public Procurement Governance Architecture,16,82,invest_protect,0.375,0.41190723433714094,-0.03690723433714094
7,Public Procurement Governance Architecture,16,83,invest_transparency,0.109375,0.14719626168224292,-0.037821261682242924
7,Public Procurement Governance Architecture,16,84,serv_other,0.1903409090909091,0.22883035967148113,-0.03848945058057204
7,Public Procurement Governance Architecture,16,85,IPR_country_designations,0.03125,0.07009345794392514,-0.038843457943925144
7,Public Procurement Governance Architecture,16,86,serv_transparency,0.34375,0.38765576323987544,-0.04390576323987544
7,Public Procurement Governance Architecture,16,87,CD_Subsidies,0.0625,0.10747663551401866,-0.04497663551401866
7,Public Procurement Governance Architecture,16,88,env_trade,0.25,0.3008455718736093,-0.050845571873609274
7,Public Procurement Governance Architecture,16,89,MoC_exclusions,0.1534090909090909,0.20504106485414897,-0.05163197394505806
7,Public Procurement Governance Architecture,16,90,SPS_institutions,0.21527777777777776,0.26791277258566976,-0.052634994807891994
7,Public Procurement Governance Architecture,16,91,env_MEA_compl,0.0041666666666666675,0.062305295950155756,-0.05813862928348909
7,Public Procurement Governance Architecture,16,92,TFC_procedural_simplification,0.15,0.20841121495327103,-0.058411214953271035
7,Public Procurement Governance Architecture,16,93,TBT_transparency,0.20833333333333331,0.26998961578400826,-0.06165628245067495
7,Public Procurement Governance Architecture,16,94,TFC_fees,0.1875,0.24922118380062305,-0.06172118380062305
7,Public Procurement Governance Architecture,16,95,SPS_audit,0.012500000000000002,0.07538940809968848,-0.06288940809968849
7,Public Procurement Governance Architecture,16,96,TBT_tech_reg,0.020833333333333332,0.08670820353063344,-0.06587487019730011
7,Public Procurement Governance Architecture,16,97,env_object,0.225,0.291588785046729,-0.06658878504672902
7,Public Procurement Governance Architecture,16,98,TBT_standards,0,0.06853582554517135,-0.06853582554517135
7,Public Procurement Governance Architecture,16,99,SPS_transparency,0.2638888888888889,0.33367947386638974,-0.06979058497750085
7,Public Procurement Governance Architecture,16,100,export_admin_fee,0.0875,0.16386292834890964,-0.07636292834890965
7,Public Procurement Governance Architecture,16,101,TBT_conformity_assess,0.03125,0.10903426791277256,-0.07778426791277256
7,Public Procurement Governance Architecture,16,102,export_NTM,0.125,0.20560747663551415,-0.08060747663551415
7,Public Procurement Governance Architecture,16,103,SPS_cooperation,0.078125,0.1588785046728972,-0.08075350467289719
7,Public Procurement Governance Architecture,16,104,SPS_risk_assess,0.041666666666666664,0.1246105919003115,-0.08294392523364483
7,Public Procurement Governance Architecture,16,105,labor_substance,0.05729166666666667,0.15290758047767397,-0.0956159138110073
7,Public Procurement Governance Architecture,16,106,TBT_framework,0.2708333333333333,0.367601246105919,-0.09676791277258567
7,Public Procurement Governance Architecture,16,107,IPR_copyright,0.14732142857142858,0.24543836226079213,-0.09811693368936356
7,Public Procurement Governance Architecture,16,108,export_agriculture,0,0.09968847352024922,-0.09968847352024922
7,Public Procurement Governance Architecture,16,109,env_protect,0.017045454545454544,0.12121212121212128,-0.10416666666666674
7,Public Procurement Governance Architecture,16,110,labor_monitoring,0.041666666666666664,0.17964693665628248,-0.13798026998961582
7,Public Procurement Governance Architecture,16,111,env_promoting,0.015625,0.16043613707165114,-0.14481113707165114
7,Public Procurement Governance Architecture,16,112,SPS_standards,0.0078125,0.16160436137071651,-0.15379186137071651
7,Public Procurement Governance Architecture,16,113,export_invest,0.020833333333333336,0.22118380062305298,-0.20035046728971964
7,Public Procurement Governance Architecture,16,114,labor_cooperation,0,0.23987538940809958,-0.23987538940809958
7,Public Procurement Governance Architecture,16,115,TBT_cooperation,0,0.23987538940809974,-0.23987538940809974
7,Public Procurement Governance Architecture,16,116,env_external_assist,0,0.25233644859813087,-0.25233644859813087
8,Export Liberalisation and Regulatory Compatibility Architecture,19,1,export_invest,0.9824561403508771,0.22118380062305298,0.7612723397278242
8,Export Liberalisation and Regulatory Compatibility Architecture,19,2,export_NTM,0.8947368421052632,0.20560747663551415,0.689129365469749
8,Export Liberalisation and Regulatory Compatibility Architecture,19,3,invest_DS,1,0.3489096573208722,0.6510903426791278
8,Export Liberalisation and Regulatory Compatibility Architecture,19,4,service_DS,0.9649122807017544,0.35306334371754927,0.6118489369842051
8,Export Liberalisation and Regulatory Compatibility Architecture,19,5,serv_market_access,0.9005847953216374,0.3781585323641399,0.5224262629574975
8,Export Liberalisation and Regulatory Compatibility Architecture,19,6,serv_struc,0.8114035087719298,0.3154205607476635,0.4959829480242663
8,Export Liberalisation and Regulatory Compatibility Architecture,19,7,SPS_risk_assess,0.5789473684210527,0.1246105919003115,0.45433677652074117
8,Export Liberalisation and Regulatory Compatibility Architecture,19,8,serv_exc,0.733652312599681,0.3505538248528902,0.3830984877467908
8,Export Liberalisation and Regulatory Compatibility Architecture,19,9,serv_transparency,0.763157894736842,0.38765576323987544,0.3755021314969666
8,Export Liberalisation and Regulatory Compatibility Architecture,19,10,TBT_transparency,0.631578947368421,0.26998961578400826,0.36158933158441275
8,Export Liberalisation and Regulatory Compatibility Architecture,19,11,serv_roo,0.6491228070175437,0.2995846313603322,0.34953817565721146
8,Export Liberalisation and Regulatory Compatibility Architecture,19,12,SPS_standards,0.506578947368421,0.16160436137071651,0.3449745859977045
8,Export Liberalisation and Regulatory Compatibility Architecture,19,13,serv_other,0.5717703349282296,0.22883035967148113,0.34293997525674846
8,Export Liberalisation and Regulatory Compatibility Architecture,19,14,SPS_framework,0.8631578947368421,0.5289719626168224,0.3341859321200197
8,Export Liberalisation and Regulatory Compatibility Architecture,19,15,TBT_cooperation,0.5614035087719298,0.23987538940809974,0.3215281193638301
8,Export Liberalisation and Regulatory Compatibility Architecture,19,16,CD_Subsidies,0.42105263157894735,0.10747663551401866,0.3135759960649287
8,Export Liberalisation and Regulatory Compatibility Architecture,19,17,labor_object,0.5526315789473684,0.29127725856697806,0.2613543203803903
8,Export Liberalisation and Regulatory Compatibility Architecture,19,18,export_coo,0.7192982456140351,0.4603669089650398,0.2589313366489953
8,Export Liberalisation and Regulatory Compatibility Architecture,19,19,RoO_additional_flex,0.9342105263157895,0.6832814122533749,0.2509291140624146
8,Export Liberalisation and Regulatory Compatibility Architecture,19,20,TBT_DS,0.912280701754386,0.6713395638629284,0.24094113789145766
8,Export Liberalisation and Regulatory Compatibility Architecture,19,21,MoC_exceptions,0.631578947368421,0.39979231568016615,0.23178663168825486
8,Export Liberalisation and Regulatory Compatibility Architecture,19,22,export_taxes,0.5307017543859649,0.3006230529595016,0.2300787014264633
8,Export Liberalisation and Regulatory Compatibility Architecture,19,23,invest_lib,0.5864661654135338,0.35781041388518026,0.22865575152835355
8,Export Liberalisation and Regulatory Compatibility Architecture,19,24,invest_transparency,0.3684210526315789,0.14719626168224292,0.221224790949336
8,Export Liberalisation and Regulatory Compatibility Architecture,19,25,SPS_audit,0.2894736842105263,0.07538940809968848,0.21408427611083786
8,Export Liberalisation and Regulatory Compatibility Architecture,19,26,serv_DR,0.5451127819548872,0.34131619937694707,0.20379658257794014
8,Export Liberalisation and Regulatory Compatibility Architecture,19,27,invest_protect,0.6111111111111112,0.41190723433714094,0.19920387677397022
8,Export Liberalisation and Regulatory Compatibility Architecture,19,28,VA_exc,0.43157894736842106,0.23925233644859825,0.1923266109198228
8,Export Liberalisation and Regulatory Compatibility Architecture,19,29,export_agriculture,0.2894736842105263,0.09968847352024922,0.1897852106902771
8,Export Liberalisation and Regulatory Compatibility Architecture,19,30,serv_mobility,0.38596491228070173,0.20664589823468327,0.17931901404601847
8,Export Liberalisation and Regulatory Compatibility Architecture,19,31,soe_enforcement,0.4,0.2236760124610592,0.17632398753894082
8,Export Liberalisation and Regulatory Compatibility Architecture,19,32,soe_object_coverage,0.5750487329434698,0.4125995154032537,0.16244921754021613
8,Export Liberalisation and Regulatory Compatibility Architecture,19,33,MoC_exclusions,0.36363636363636365,0.20504106485414897,0.15859529878221468
8,Export Liberalisation and Regulatory Compatibility Architecture,19,34,RoO_sourcing_flex,0.5605263157894737,0.411993769470405,0.14853254631906865
8,Export Liberalisation and Regulatory Compatibility Architecture,19,35,TFC_transparency,0.5263157894736842,0.38161993769470415,0.14469585177898003
8,Export Liberalisation and Regulatory Compatibility Architecture,19,36,SPS_institutions,0.4093567251461988,0.26791277258566976,0.14144395256052905
8,Export Liberalisation and Regulatory Compatibility Architecture,19,37,soe_transparency,0.25263157894736843,0.11277258566978195,0.1398589932775865
8,Export Liberalisation and Regulatory Compatibility Architecture,19,38,RoO_certification,0.6353383458646616,0.5009642486278,0.13437409723686167
8,Export Liberalisation and Regulatory Compatibility Architecture,19,39,MoC_free_transfer,0.44598337950138506,0.31628135759960646,0.1297020219017786
8,Export Liberalisation and Regulatory Compatibility Architecture,19,40,export_quota_qr,0.481203007518797,0.35180240320427236,0.12940060431452466
8,Export Liberalisation and Regulatory Compatibility Architecture,19,41,env_MEA_compl,0.18947368421052632,0.062305295950155756,0.12716838826037058
8,Export Liberalisation and Regulatory Compatibility Architecture,19,42,soe_substantive,0.4780701754385965,0.3530633437175493,0.12500683172104715
8,Export Liberalisation and Regulatory Compatibility Architecture,19,43,MoC_DS,0.6228070175438596,0.5,0.12280701754385959
8,Export Liberalisation and Regulatory Compatibility Architecture,19,44,VA_movement_facilitation,0.38596491228070173,0.2644513672551056,0.12151354502559614
8,Export Liberalisation and Regulatory Compatibility Architecture,19,45,CP_objectives,0.6337719298245613,0.5167445482866043,0.117027381537957
8,Export Liberalisation and Regulatory Compatibility Architecture,19,46,CD_regime,0.6491228070175439,0.5462097611630321,0.10291304585451178
8,Export Liberalisation and Regulatory Compatibility Architecture,19,47,serv_safeguard,0.3508771929824561,0.2512980269989615,0.09957916598349464
8,Export Liberalisation and Regulatory Compatibility Architecture,19,48,MoC_safeguards,0.5056390977443609,0.407543391188251,0.09809570655610989
8,Export Liberalisation and Regulatory Compatibility Architecture,19,49,SPS_transparency,0.4269005847953216,0.33367947386638974,0.09322111092893187
8,Export Liberalisation and Regulatory Compatibility Architecture,19,50,invest_scop_def,0.6016746411483254,0.5094873973378646,0.09218724381046073
8,Export Liberalisation and Regulatory Compatibility Architecture,19,51,subsid_misc,0.15789473684210525,0.06853582554517137,0.08935891129693388
8,Export Liberalisation and Regulatory Compatibility Architecture,19,52,TFC_fees,0.3333333333333333,0.24922118380062305,0.08411214953271026
8,Export Liberalisation and Regulatory Compatibility Architecture,19,53,subsid_object_coverage,0.7105263157894737,0.6304517133956387,0.08007460239383501
8,Export Liberalisation and Regulatory Compatibility Architecture,19,54,CP_exeptions,0.7368421052631579,0.6573208722741433,0.07952123298901459
8,Export Liberalisation and Regulatory Compatibility Architecture,19,55,IPR_exhaustion,0.5263157894736842,0.44859813084112143,0.07771765863256275
8,Export Liberalisation and Regulatory Compatibility Architecture,19,56,SPS_cooperation,0.23026315789473684,0.1588785046728972,0.07138465322183965
8,Export Liberalisation and Regulatory Compatibility Architecture,19,57,TBT_framework,0.43859649122807015,0.367601246105919,0.07099524512215116
8,Export Liberalisation and Regulatory Compatibility Architecture,19,58,IPR_biodiversity_TK,0.15789473684210523,0.09345794392523366,0.06443679291687157
8,Export Liberalisation and Regulatory Compatibility Architecture,19,59,RoO_value_content,0.7318295739348372,0.6710666369974781,0.06076293693735901
8,Export Liberalisation and Regulatory Compatibility Architecture,19,60,env_enforcement,0.3815789473684211,0.3208722741433021,0.06070667322511897
8,Export Liberalisation and Regulatory Compatibility Architecture,19,61,AD_Regime,0.6666666666666666,0.608515057113188,0.058151609553478645
8,Export Liberalisation and Regulatory Compatibility Architecture,19,62,RoO_verification,0.2894736842105263,0.24091381100726897,0.04855987320325736
8,Export Liberalisation and Regulatory Compatibility Architecture,19,63,CD_lev2,0.2222222222222222,0.17859409253490255,0.04362812968731966
8,Export Liberalisation and Regulatory Compatibility Architecture,19,64,TFC_origin_admin,0.6210526315789474,0.5794392523364484,0.04161337924249897
8,Export Liberalisation and Regulatory Compatibility Architecture,19,65,inbest_soc_reg,0.14619883040935672,0.10938040844582901,0.036818421963527706
8,Export Liberalisation and Regulatory Compatibility Architecture,19,66,PP_new _issues,0.15789473684210525,0.1285046728971963,0.02939006394490895
8,Export Liberalisation and Regulatory Compatibility Architecture,19,67,PP_Overview,0.3552631578947369,0.3271028037383178,0.0281603541564191
8,Export Liberalisation and Regulatory Compatibility Architecture,19,68,TBT_tech_reg,0.11403508771929824,0.08670820353063344,0.027326884188664802
8,Export Liberalisation and Regulatory Compatibility Architecture,19,69,TFC_procedural_simplification,0.22631578947368422,0.20841121495327103,0.01790457452041319
8,Export Liberalisation and Regulatory Compatibility Architecture,19,70,AD_lev2,0.17402376910016978,0.15626570193950357,0.01775806716066622
8,Export Liberalisation and Regulatory Compatibility Architecture,19,71,VA_coverage,0.12280701754385964,0.10591900311526484,0.016888014428594805
8,Export Liberalisation and Regulatory Compatibility Architecture,19,72,IPR_coordination,0.15789473684210525,0.14563862928348906,0.012256107558616197
8,Export Liberalisation and Regulatory Compatibility Architecture,19,73,subsid_enforcement,0.44360902255639095,0.4334668446817979,0.010142177874593039
8,Export Liberalisation and Regulatory Compatibility Architecture,19,74,subsid_substantive,0.2631578947368421,0.25651373548569806,0.006644159251144033
8,Export Liberalisation and Regulatory Compatibility Architecture,19,75,TBT_standards,0.07368421052631577,0.06853582554517135,0.0051483849811444216
8,Export Liberalisation and Regulatory Compatibility Architecture,19,76,export_admin_fee,0.16842105263157894,0.16386292834890964,0.004558124282669301
8,Export Liberalisation and Regulatory Compatibility Architecture,19,77,env_trade,0.3007518796992481,0.3008455718736093,-9.369217436117072e-5
8,Export Liberalisation and Regulatory Compatibility Architecture,19,78,VA_DS,0.17543859649122806,0.17757009345794394,-0.0021314969667158845
8,Export Liberalisation and Regulatory Compatibility Architecture,19,79,export_licensing,0.021052631578947368,0.028660436137071626,-0.007607804558124258
8,Export Liberalisation and Regulatory Compatibility Architecture,19,80,VA_framework_gov,0.06578947368421054,0.07398753894080994,-0.008198065256599399
8,Export Liberalisation and Regulatory Compatibility Architecture,19,81,MoC_prudential_measures,0.42105263157894735,0.43068535825545173,-0.009632726676504388
8,Export Liberalisation and Regulatory Compatibility Architecture,19,82,subsid_transparency,0.1842105263157895,0.19392523364485972,-0.009714707329070232
8,Export Liberalisation and Regulatory Compatibility Architecture,19,83,soe_misc,0,0.012461059190031152,-0.012461059190031152
8,Export Liberalisation and Regulatory Compatibility Architecture,19,84,soe_SDT,0,0.01401869158878507,-0.01401869158878507
8,Export Liberalisation and Regulatory Compatibility Architecture,19,85,PP_DS,0.23684210526315788,0.2601246105919003,-0.023282505328742403
8,Export Liberalisation and Regulatory Compatibility Architecture,19,86,subsid_SDT,0.02631578947368422,0.054517133956386306,-0.028201344482702086
8,Export Liberalisation and Regulatory Compatibility Architecture,19,87,IPR_NT,0.18421052631578946,0.21339563862928343,-0.029185112313493966
8,Export Liberalisation and Regulatory Compatibility Architecture,19,88,IPR_patents,0.07518796992481203,0.10903426791277263,-0.0338462979879606
8,Export Liberalisation and Regulatory Compatibility Architecture,19,89,IPR_copyright,0.20676691729323307,0.24543836226079213,-0.03867144496755906
8,Export Liberalisation and Regulatory Compatibility Architecture,19,90,IPR_transparency,0.04605263157894737,0.0883956386292834,-0.04234300705033603
8,Export Liberalisation and Regulatory Compatibility Architecture,19,91,PP_coverage,0.2151029748283753,0.2591087633753216,-0.04400578854694634
8,Export Liberalisation and Regulatory Compatibility Architecture,19,92,TFC_cooperation,0.28708133971291866,0.33163409798923815,-0.04455275827631949
8,Export Liberalisation and Regulatory Compatibility Architecture,19,93,IPR_treaty_incorporation,0.22807017543859648,0.2834890965732088,-0.05541892113461233
8,Export Liberalisation and Regulatory Compatibility Architecture,19,94,PP_non_discrim,0.057416267942583726,0.11384876805437552,-0.056432500111791795
8,Export Liberalisation and Regulatory Compatibility Architecture,19,95,IPR_Gis,0.05263157894736842,0.10992434356920341,-0.057292764621834996
8,Export Liberalisation and Regulatory Compatibility Architecture,19,96,IPR_data_protect,0.021052631578947364,0.08348909657320867,-0.06243646499426131
8,Export Liberalisation and Regulatory Compatibility Architecture,19,97,IPR_TMs,0.028070175438596492,0.09698857736240916,-0.06891840192381267
8,Export Liberalisation and Regulatory Compatibility Architecture,19,98,IPR_country_designations,0,0.07009345794392514,-0.07009345794392514
8,Export Liberalisation and Regulatory Compatibility Architecture,19,99,IPR_industrial_designs,0.013157894736842106,0.09267912772585672,-0.07952123298901462
8,Export Liberalisation and Regulatory Compatibility Architecture,19,100,CP_procedural_fairness,0.07017543859649122,0.1505711318795431,-0.08039569328305188
8,Export Liberalisation and Regulatory Compatibility Architecture,19,101,TBT_conformity_assess,0.02631578947368421,0.10903426791277256,-0.08271847843908835
8,Export Liberalisation and Regulatory Compatibility Architecture,19,102,env_protect,0.03349282296650718,0.12121212121212128,-0.08771929824561411
8,Export Liberalisation and Regulatory Compatibility Architecture,19,103,env_object,0.2,0.291588785046729,-0.09158878504672902
8,Export Liberalisation and Regulatory Compatibility Architecture,19,104,TFC_border_efficiency,0.07692307692307693,0.16990174934100166,-0.09297867241792473
8,Export Liberalisation and Regulatory Compatibility Architecture,19,105,IPR_enforcement,0.07416267942583732,0.16723307844803176,-0.09307039902219444
8,Export Liberalisation and Regulatory Compatibility Architecture,19,106,IPR_treaty_accession,0.042105263157894736,0.1460020768431983,-0.10389681368530357
8,Export Liberalisation and Regulatory Compatibility Architecture,19,107,CP_framework,0.07017543859649122,0.17912772585669784,-0.10895228726020662
8,Export Liberalisation and Regulatory Compatibility Architecture,19,108,CP_cooperation,0.07017543859649122,0.19937694704049844,-0.1292015084440072
8,Export Liberalisation and Regulatory Compatibility Architecture,19,109,env_promoting,0.026315789473684213,0.16043613707165114,-0.13412034759796693
8,Export Liberalisation and Regulatory Compatibility Architecture,19,110,CP_substantive,0.1871345029239766,0.328141225337487,-0.14100672241351042
8,Export Liberalisation and Regulatory Compatibility Architecture,19,111,PP_transparency,0,0.15070093457943928,-0.15070093457943928
8,Export Liberalisation and Regulatory Compatibility Architecture,19,112,labor_substance,0,0.15290758047767397,-0.15290758047767397
8,Export Liberalisation and Regulatory Compatibility Architecture,19,113,PP_procedural_disciplines,0.06315789473684211,0.23445482866043618,-0.17129693392359407
8,Export Liberalisation and Regulatory Compatibility Architecture,19,114,labor_monitoring,0,0.17964693665628248,-0.17964693665628248
8,Export Liberalisation and Regulatory Compatibility Architecture,19,115,env_external_assist,0.052631578947368425,0.25233644859813087,-0.19970486965076245
8,Export Liberalisation and Regulatory Compatibility Architecture,19,116,labor_cooperation,0,0.23987538940809958,-0.23987538940809958
9,Sustainable-Development and Regulatory Integration Architecture,21,1,labor_cooperation,1,0.23987538940809958,0.7601246105919004
9,Sustainable-Development and Regulatory Integration Architecture,21,2,labor_monitoring,0.8888888888888888,0.17964693665628248,0.7092419522326063
9,Sustainable-Development and Regulatory Integration Architecture,21,3,labor_substance,0.8293650793650794,0.15290758047767397,0.6764574988874055
9,Sustainable-Development and Regulatory Integration Architecture,21,4,PP_DS,0.9166666666666666,0.2601246105919003,0.6565420560747663
9,Sustainable-Development and Regulatory Integration Architecture,21,5,env_promoting,0.7380952380952381,0.16043613707165114,0.577659101023587
9,Sustainable-Development and Regulatory Integration Architecture,21,6,IPR_treaty_incorporation,0.8571428571428571,0.2834890965732088,0.5736537605696483
9,Sustainable-Development and Regulatory Integration Architecture,21,7,env_object,0.8285714285714286,0.291588785046729,0.5369826435246996
9,Sustainable-Development and Regulatory Integration Architecture,21,8,env_trade,0.836734693877551,0.3008455718736093,0.5358891220039417
9,Sustainable-Development and Regulatory Integration Architecture,21,9,PP_procedural_disciplines,0.7619047619047619,0.23445482866043618,0.5274499332443257
9,Sustainable-Development and Regulatory Integration Architecture,21,10,PP_Overview,0.8333333333333334,0.3271028037383178,0.5062305295950156
9,Sustainable-Development and Regulatory Integration Architecture,21,11,serv_transparency,0.8928571428571428,0.38765576323987544,0.5052013796172674
9,Sustainable-Development and Regulatory Integration Architecture,21,12,IPR_Gis,0.6122448979591837,0.10992434356920341,0.5023205543899802
9,Sustainable-Development and Regulatory Integration Architecture,21,13,TFC_transparency,0.8452380952380952,0.38161993769470415,0.4636181575433911
9,Sustainable-Development and Regulatory Integration Architecture,21,14,IPR_enforcement,0.6212121212121212,0.16723307844803176,0.45397904276408946
9,Sustainable-Development and Regulatory Integration Architecture,21,15,env_protect,0.5714285714285714,0.12121212121212128,0.4502164502164501
9,Sustainable-Development and Regulatory Integration Architecture,21,16,CP_substantive,0.7777777777777778,0.328141225337487,0.44963655244029077
9,Sustainable-Development and Regulatory Integration Architecture,21,17,IPR_copyright,0.6836734693877551,0.24543836226079213,0.43823510712696295
9,Sustainable-Development and Regulatory Integration Architecture,21,18,PP_new _issues,0.5595238095238095,0.1285046728971963,0.43101913662661323
9,Sustainable-Development and Regulatory Integration Architecture,21,19,serv_exc,0.7777777777777778,0.3505538248528902,0.4272239529248876
9,Sustainable-Development and Regulatory Integration Architecture,21,20,export_admin_fee,0.5904761904761905,0.16386292834890964,0.42661326212728085
9,Sustainable-Development and Regulatory Integration Architecture,21,21,TBT_framework,0.7936507936507936,0.367601246105919,0.4260495475448746
9,Sustainable-Development and Regulatory Integration Architecture,21,22,serv_DR,0.75,0.34131619937694707,0.40868380062305293
9,Sustainable-Development and Regulatory Integration Architecture,21,23,IPR_industrial_designs,0.5,0.09267912772585672,0.40732087227414326
9,Sustainable-Development and Regulatory Integration Architecture,21,24,SPS_framework,0.9333333333333333,0.5289719626168224,0.4043613707165109
9,Sustainable-Development and Regulatory Integration Architecture,21,25,PP_transparency,0.5550595238095238,0.15070093457943928,0.40435858923008455
9,Sustainable-Development and Regulatory Integration Architecture,21,26,TFC_fees,0.6507936507936508,0.24922118380062305,0.40157246699302773
9,Sustainable-Development and Regulatory Integration Architecture,21,27,VA_exc,0.6380952380952382,0.23925233644859825,0.39884290164663994
9,Sustainable-Development and Regulatory Integration Architecture,21,28,CP_framework,0.5714285714285714,0.17912772585669784,0.39230084557187356
9,Sustainable-Development and Regulatory Integration Architecture,21,29,IPR_data_protect,0.4571428571428572,0.08348909657320867,0.3736537605696485
9,Sustainable-Development and Regulatory Integration Architecture,21,30,serv_mobility,0.5714285714285714,0.20664589823468327,0.36478267319388813
9,Sustainable-Development and Regulatory Integration Architecture,21,31,IPR_biodiversity_TK,0.45238095238095244,0.09345794392523366,0.3589230084557188
9,Sustainable-Development and Regulatory Integration Architecture,21,32,IPR_treaty_accession,0.4888888888888889,0.1460020768431983,0.3428868120456906
9,Sustainable-Development and Regulatory Integration Architecture,21,33,VA_DS,0.5079365079365079,0.17757009345794394,0.33036641447856396
9,Sustainable-Development and Regulatory Integration Architecture,21,34,TFC_procedural_simplification,0.5333333333333333,0.20841121495327103,0.3249221183800623
9,Sustainable-Development and Regulatory Integration Architecture,21,35,serv_market_access,0.6984126984126984,0.3781585323641399,0.3202541660485585
9,Sustainable-Development and Regulatory Integration Architecture,21,36,env_external_assist,0.5714285714285714,0.25233644859813087,0.31909212283044053
9,Sustainable-Development and Regulatory Integration Architecture,21,37,IPR_coordination,0.4642857142857143,0.14563862928348906,0.31864708500222527
9,Sustainable-Development and Regulatory Integration Architecture,21,38,PP_non_discrim,0.42857142857142855,0.11384876805437552,0.314722660517053
9,Sustainable-Development and Regulatory Integration Architecture,21,39,env_enforcement,0.6309523809523809,0.3208722741433021,0.3100801068090788
9,Sustainable-Development and Regulatory Integration Architecture,21,40,TFC_cooperation,0.6406926406926406,0.33163409798923815,0.3090585427034025
9,Sustainable-Development and Regulatory Integration Architecture,21,41,export_coo,0.7671957671957672,0.4603669089650398,0.3068288582307274
9,Sustainable-Development and Regulatory Integration Architecture,21,42,IPR_transparency,0.38095238095238093,0.0883956386292834,0.29255674232309753
9,Sustainable-Development and Regulatory Integration Architecture,21,43,invest_lib,0.6496598639455782,0.35781041388518026,0.2918494500603979
9,Sustainable-Development and Regulatory Integration Architecture,21,44,CP_objectives,0.8015873015873015,0.5167445482866043,0.2848427533006972
9,Sustainable-Development and Regulatory Integration Architecture,21,45,export_taxes,0.5833333333333334,0.3006230529595016,0.2827102803738318
9,Sustainable-Development and Regulatory Integration Architecture,21,46,serv_struc,0.5952380952380952,0.3154205607476635,0.27981753449043173
9,Sustainable-Development and Regulatory Integration Architecture,21,47,SPS_institutions,0.544973544973545,0.26791277258566976,0.27706077238787524
9,Sustainable-Development and Regulatory Integration Architecture,21,48,TBT_conformity_assess,0.38095238095238093,0.10903426791277256,0.2719181130396084
9,Sustainable-Development and Regulatory Integration Architecture,21,49,TFC_border_efficiency,0.43956043956043955,0.16990174934100166,0.2696586902194379
9,Sustainable-Development and Regulatory Integration Architecture,21,50,IPR_TMs,0.36507936507936506,0.09698857736240916,0.2680907877169559
9,Sustainable-Development and Regulatory Integration Architecture,21,51,export_licensing,0.29523809523809524,0.028660436137071626,0.2665776591010236
9,Sustainable-Development and Regulatory Integration Architecture,21,52,MoC_exclusions,0.46320346320346323,0.20504106485414897,0.25816239834931426
9,Sustainable-Development and Regulatory Integration Architecture,21,53,serv_safeguard,0.5079365079365079,0.2512980269989615,0.25663848093754643
9,Sustainable-Development and Regulatory Integration Architecture,21,54,labor_object,0.5476190476190477,0.29127725856697806,0.2563417890520696
9,Sustainable-Development and Regulatory Integration Architecture,21,55,serv_roo,0.5555555555555554,0.2995846313603322,0.25597092419522316
9,Sustainable-Development and Regulatory Integration Architecture,21,56,serv_other,0.4805194805194805,0.22883035967148113,0.2516891208479994
9,Sustainable-Development and Regulatory Integration Architecture,21,57,inbest_soc_reg,0.35978835978835977,0.10938040844582901,0.25040795134253074
9,Sustainable-Development and Regulatory Integration Architecture,21,58,CP_cooperation,0.4444444444444444,0.19937694704049844,0.24506749740394598
9,Sustainable-Development and Regulatory Integration Architecture,21,59,SPS_cooperation,0.39880952380952384,0.1588785046728972,0.23993101913662665
9,Sustainable-Development and Regulatory Integration Architecture,21,60,export_invest,0.4603174603174603,0.22118380062305298,0.2391336596944073
9,Sustainable-Development and Regulatory Integration Architecture,21,61,env_MEA_compl,0.29523809523809524,0.062305295950155756,0.23293279928793947
9,Sustainable-Development and Regulatory Integration Architecture,21,62,CP_procedural_fairness,0.38095238095238093,0.1505711318795431,0.23038124907283783
9,Sustainable-Development and Regulatory Integration Architecture,21,63,VA_movement_facilitation,0.49206349206349204,0.2644513672551056,0.22761212480838644
9,Sustainable-Development and Regulatory Integration Architecture,21,64,invest_DS,0.5714285714285714,0.3489096573208722,0.2225189141076992
9,Sustainable-Development and Regulatory Integration Architecture,21,65,soe_transparency,0.33333333333333337,0.11277258566978195,0.22056074766355144
9,Sustainable-Development and Regulatory Integration Architecture,21,66,RoO_certification,0.7205215419501134,0.5009642486278,0.21955729332231344
9,Sustainable-Development and Regulatory Integration Architecture,21,67,subsid_misc,0.28571428571428575,0.06853582554517137,0.21717846016911438
9,Sustainable-Development and Regulatory Integration Architecture,21,68,TBT_tech_reg,0.30158730158730157,0.08670820353063344,0.21487909805666813
9,Sustainable-Development and Regulatory Integration Architecture,21,69,TBT_DS,0.8809523809523809,0.6713395638629284,0.20961281708945256
9,Sustainable-Development and Regulatory Integration Architecture,21,70,TBT_standards,0.2761904761904762,0.06853582554517135,0.20765465064530486
9,Sustainable-Development and Regulatory Integration Architecture,21,71,soe_enforcement,0.4285714285714286,0.2236760124610592,0.2048954161103694
9,Sustainable-Development and Regulatory Integration Architecture,21,72,TBT_cooperation,0.4444444444444444,0.23987538940809974,0.20456905503634468
9,Sustainable-Development and Regulatory Integration Architecture,21,73,MoC_free_transfer,0.518796992481203,0.31628135759960646,0.20251563488159657
9,Sustainable-Development and Regulatory Integration Architecture,21,74,SPS_standards,0.3630952380952381,0.16160436137071651,0.20149087672452157
9,Sustainable-Development and Regulatory Integration Architecture,21,75,export_quota_qr,0.5442176870748299,0.35180240320427236,0.1924152838705575
9,Sustainable-Development and Regulatory Integration Architecture,21,76,TFC_origin_admin,0.7714285714285715,0.5794392523364484,0.19198931909212302
9,Sustainable-Development and Regulatory Integration Architecture,21,77,VA_coverage,0.2962962962962963,0.10591900311526484,0.19037729318103144
9,Sustainable-Development and Regulatory Integration Architecture,21,78,TBT_transparency,0.4603174603174603,0.26998961578400826,0.19032784453345203
9,Sustainable-Development and Regulatory Integration Architecture,21,79,subsid_transparency,0.38095238095238093,0.19392523364485972,0.1870271473075212
9,Sustainable-Development and Regulatory Integration Architecture,21,80,PP_coverage,0.4409937888198758,0.2591087633753216,0.18188502544455415
9,Sustainable-Development and Regulatory Integration Architecture,21,81,SPS_transparency,0.5132275132275133,0.33367947386638974,0.1795480393611235
9,Sustainable-Development and Regulatory Integration Architecture,21,82,IPR_NT,0.38095238095238093,0.21339563862928343,0.1675567423230975
9,Sustainable-Development and Regulatory Integration Architecture,21,83,SPS_audit,0.24285714285714285,0.07538940809968848,0.16746773475745436
9,Sustainable-Development and Regulatory Integration Architecture,21,84,export_agriculture,0.2619047619047619,0.09968847352024922,0.16221628838451269
9,Sustainable-Development and Regulatory Integration Architecture,21,85,CP_exeptions,0.8095238095238095,0.6573208722741433,0.15220293724966627
9,Sustainable-Development and Regulatory Integration Architecture,21,86,IPR_country_designations,0.21428571428571427,0.07009345794392514,0.14419225634178912
9,Sustainable-Development and Regulatory Integration Architecture,21,87,CD_lev2,0.32253086419753085,0.17859409253490255,0.1439367716626283
9,Sustainable-Development and Regulatory Integration Architecture,21,88,subsid_enforcement,0.5714285714285714,0.4334668446817979,0.13796172674677348
9,Sustainable-Development and Regulatory Integration Architecture,21,89,subsid_object_coverage,0.7619047619047619,0.6304517133956387,0.1314530485091232
9,Sustainable-Development and Regulatory Integration Architecture,21,90,soe_misc,0.14285714285714288,0.012461059190031152,0.13039608366711172
9,Sustainable-Development and Regulatory Integration Architecture,21,91,soe_SDT,0.14285714285714288,0.01401869158878507,0.1288384512683578
9,Sustainable-Development and Regulatory Integration Architecture,21,92,RoO_sourcing_flex,0.5357142857142857,0.411993769470405,0.1237205162438807
9,Sustainable-Development and Regulatory Integration Architecture,21,93,CD_regime,0.6666666666666666,0.5462097611630321,0.12045690550363453
9,Sustainable-Development and Regulatory Integration Architecture,21,94,IPR_patents,0.22448979591836732,0.10903426791277263,0.1154555280055947
9,Sustainable-Development and Regulatory Integration Architecture,21,95,RoO_additional_flex,0.7976190476190477,0.6832814122533749,0.11433763536567276
9,Sustainable-Development and Regulatory Integration Architecture,21,96,SPS_risk_assess,0.23809523809523808,0.1246105919003115,0.11348464619492658
9,Sustainable-Development and Regulatory Integration Architecture,21,97,CD_Subsidies,0.21428571428571427,0.10747663551401866,0.10680907877169561
9,Sustainable-Development and Regulatory Integration Architecture,21,98,MoC_safeguards,0.5119047619047619,0.407543391188251,0.10436137071651086
9,Sustainable-Development and Regulatory Integration Architecture,21,99,MoC_DS,0.6031746031746031,0.5,0.10317460317460314
9,Sustainable-Development and Regulatory Integration Architecture,21,100,soe_object_coverage,0.5114638447971781,0.4125995154032537,0.09886432939392442
9,Sustainable-Development and Regulatory Integration Architecture,21,101,RoO_verification,0.32539682539682535,0.24091381100726897,0.08448301438955638
9,Sustainable-Development and Regulatory Integration Architecture,21,102,VA_framework_gov,0.15476190476190477,0.07398753894080994,0.08077436582109483
9,Sustainable-Development and Regulatory Integration Architecture,21,103,soe_substantive,0.43253968253968256,0.3530633437175493,0.07947633882213323
9,Sustainable-Development and Regulatory Integration Architecture,21,104,subsid_substantive,0.3333333333333333,0.25651373548569806,0.07681959784763526
9,Sustainable-Development and Regulatory Integration Architecture,21,105,service_DS,0.42857142857142827,0.35306334371754927,0.075508084853879
9,Sustainable-Development and Regulatory Integration Architecture,21,106,subsid_SDT,0.11904761904761904,0.054517133956386306,0.06453048509123274
9,Sustainable-Development and Regulatory Integration Architecture,21,107,AD_lev2,0.21991807475678443,0.15626570193950357,0.06365237281728087
9,Sustainable-Development and Regulatory Integration Architecture,21,108,invest_protect,0.4576719576719577,0.41190723433714094,0.04576472333481674
9,Sustainable-Development and Regulatory Integration Architecture,21,109,AD_Regime,0.6349206349206349,0.608515057113188,0.0264055778074469
9,Sustainable-Development and Regulatory Integration Architecture,21,110,invest_transparency,0.15476190476190477,0.14719626168224292,0.0075656430796618435
9,Sustainable-Development and Regulatory Integration Architecture,21,111,MoC_exceptions,0.3968253968253968,0.39979231568016615,-0.0029669188547693515
9,Sustainable-Development and Regulatory Integration Architecture,21,112,RoO_value_content,0.646281179138322,0.6710666369974781,-0.0247854578591562
9,Sustainable-Development and Regulatory Integration Architecture,21,113,export_NTM,0.16666666666666669,0.20560747663551415,-0.03894080996884747
9,Sustainable-Development and Regulatory Integration Architecture,21,114,invest_scop_def,0.4696969696969697,0.5094873973378646,-0.03979042764089491
9,Sustainable-Development and Regulatory Integration Architecture,21,115,MoC_prudential_measures,0.3392857142857143,0.43068535825545173,-0.09139964396973743
9,Sustainable-Development and Regulatory Integration Architecture,21,116,IPR_exhaustion,0.09523809523809523,0.44859813084112143,-0.3533600356030262
